FileType,OuDiaSecond.JikokuhyouCsv.2
時刻表
下り

列車番号,,105,1009,107,1011,109,2001,7001,1013,3001,111,2003,7003,1015,3003,113,2005,7005,1017,3005,115,2007,7007,1019,3007,117,2009,7009,1021,3009,119,2011,7011,1023,3011,121,2013,7013,1025,3013,123,2015,7015,1027,3015,125,2017,1029,9001,3017,127,2019,1031,9003,3019,129,2021,1033,9005,3021,131,2023,1035,9007,3023,133,2025,1037,3025,135,2027,1039,3027,137,2029,1041,3029,139,2031,1043,3031,141,2033,1045,3033,143,2035,1047,3035,145,2037,1049,3037,147,2039,1051,3039,149,2041,1053,3041,151,2043,1055,3043,153,2045,1057,3045,155,2047,1059,3047,157,2049,1061,3049,159,2051,1063,3051,161,2053,1065,3053,163,2055,1067,3055,165,2057,1069,3057,167,2059,1071,3059,169,2061,1073,3061,171,2063,1075,3063,173,2065,1077,3065,175,2067,1079,3067,177,2069,1081,3069,179,2071,1083,3071,181,2073,1085,3073,183,2075,1087,3075,185,2077,1089,3077,187,2079,1091,3079,189,2081,1093,3081,191,2083,1095,3083,193,2085,7017,1097,3085,195,2087,7019,1099,3087,197,2089,7021,1101,3089,199,2091,7023,1103,3091,201,2093,7025,1105,3093,203,2095,7027,1107,3095,205,2097,7029,1109,3097,207,2099,7031,1111,3099,209,2101,9045,1113,3101,211,2103,1115,9047,3103,213,2105,9049,1117,3105,215,2107,1119,3107,217,2109,1121,3109,219,2111,1123,3111,221,2113,1125,3113,223,2115,1127,3115,225,2117,1129,3117,227,2119,1131,3119,229,2121,1133,3121,231,2123,1135,3123,233,9051,9053,1137,235,9055,1139,1141,237,9059,1143,239,1145,241,1147,243,1149,245,1151,247,9061,1153,9063,9065,1001,1003,1005,1007,101,103,9043,4001,9037,9035,9033,9031,9039,9041,5001,5003,5005,5007,5009,5011,5013,5015,5017,5019,5021,5023,5025,5027,5029,5031,5033,5035,5037,5039,5041,5043,5045,5047,5049,5051,5053,5055,5057,5059,5061,5063,5065,5067,5069,5071,5073,5075,5077,5079,5081,5083,5085,5087,5089,5091,5093,5095,5097,5099,5101,5103,5105,5107,5109,5111,5113,5115,5117,5119,5121,5123,5125,5127,5129,5131,5133,5135,5137,5139,5141,5143,5145,5147,5149,5151,5153,5155,5157,5159,5161,5163,5165,5167,5169,5171,5173,5175,9009,9011,9013,9015,9017,9019,9021,9023,9025,9027
運用番号,,E01,C01,E02,C14,E04,C02,C15,C03,C04,E05,C05,C17,C06,C07,E07,C8,C19,C09,C10,E06,C51/C12,C20,C21,C11,E03,C18,C56,C22,C55,E01,C16,C23,C02,C52,E02,C13,C04,C05,C53,E04,C12/C51,C07,C8,C54,E05,C10,C01,C51/C12,C15,E07,C14,C18,C11,C17,E06,C55,C16,C03,C19,E03,C52,C13,C06,C20,E01,C53,C09,C12/C51,E02,C54,C21,C10,E04,C15,C22,C14,E05,C17,C02,C55,E07,C19,C05,C52,E06,C20,C07,C53,E03,C12/C51,C8,C54,E01,C10,C01,C15,E02,C14,C18,C17,E04,C55,C16,C19,E05,C52,C13,C20,E07,C53,C09,C12/C51,E06,C54,C21,C10,E03,C15,C22,C14,E01,C17,C02,C55,E02,C19,C05,C52,E04,C20,C07,C53,E05,C12/C51,C8,C54,E07,C10,C01,C15,E06,C14,C18,C17,E03,C55,C16,C19,E01,C52,C13,C20,E02,C53,C09,C12/C51,E04,C54,C21,C10,E05,C15,C22,C14,E07,C17,C02,C55,E06,C19,C05,C52,E03,C20,C07,C53,E01,C12/C51,C8,C54,E02,C10,C01,C15,E04,C18,C14,C17,C03,E05,C55,C16,C19,C11,E07,C13,C52,C20,C51/C12,E06,C53,C09,C12/C51,C22,E03,C21,C54,C10,C04,E01,C15,C02,C18,C05,E02,C03,C56,C55,C23,E04,C11,C07,C13,C20,E05,C51/C12,C8,C53,C14,E07,C22,C01,C21,C16,E06,C04,C17,C15,C52,E03,C05,C19,C03,E01,C23,C20,C11,E02,C20,C09,C51/C12,E04,C14,C10,C22,E05,C16,C02,C04,E07,C52,C18,C05,E06,C03,C07,C23,E03,C11,C13,C20,E01,C51/C12,C53,C14,E02,C22,C01,C16,E04,C04,C15,C52,E05,C19,C05,E07,C20,E06,C09,E03,C10,E01,C02,E02,E04,C18,C07,E05,C18,C16,C13,C12/C51,E06,E03,E07,C52,E06,E05,C17,C16,C18,C19,C18,C16,C13,C12/C51,C01,C14,C03,C06,C09,C21,C22,C02,C05,C8,C01,C18,C16,C13,C09,C21,C22,C02,C05,C07,C8,C01,C18,C16,C13,C09,C21,C22,C02,C05,C07,C8,C01,C18,C16,C13,C09,C21,C22,C02,C05,C07,C8,C01,C17,C19,C20,C12/C51,C10,C18,C55,C13,C53,C01,C15,C19,C20,C09,C10,C02,C18,C07,C13,C53,C16,C15,C05,C20,C19,C20,C56,C23,C04,C07,C15,C17,C14,C16,C52,C09,C54,C02,C56,C07,C12/C51,C13,C14,E03,E04,C15,C20,C21,C22,C23
列車種別,,快速,普通,快速,普通,快速,普通,通勤,普通,普通,快速,普通,通勤,普通,普通,快速,普通,通勤,普通,普通,快速,普通,通勤,普通,普通,快速,普通,通勤,普通,普通,快速,普通,通勤,普通,普通,快速,普通,通勤,普通,普通,快速,普通,通勤,普通,普通,快速,普通,普通,回送,普通,快速,普通,普通,回送,普通,快速,普通,普通,回送,普通,快速,普通,普通,回送,普通,快速,普通,普通,普通,快速,普通,普通,普通,快速,普通,普通,普通,快速,普通,普通,普通,快速,普通,普通,普通,快速,普通,普通,普通,快速,普通,普通,普通,快速,普通,普通,普通,快速,普通,普通,普通,快速,普通,普通,普通,快速,普通,普通,普通,快速,普通,普通,普通,快速,普通,普通,普通,快速,普通,普通,普通,快速,普通,普通,普通,快速,普通,普通,普通,快速,普通,普通,普通,快速,普通,普通,普通,快速,普通,普通,普通,快速,普通,普通,普通,快速,普通,普通,普通,快速,普通,普通,普通,快速,普通,普通,普通,快速,普通,普通,普通,快速,普通,普通,普通,快速,普通,普通,普通,快速,普通,普通,普通,快速,普通,普通,普通,快速,普通,普通,普通,快速,普通,普通,普通,快速,普通,通勤,普通,普通,快速,普通,通勤,普通,普通,快速,普通,通勤,普通,普通,快速,普通,通勤,普通,普通,快速,普通,通勤,普通,普通,快速,普通,通勤,普通,普通,快速,普通,通勤,普通,普通,快速,普通,通勤,普通,普通,快速,普通,回送,普通,普通,快速,普通,普通,回送,普通,快速,普通,回送,普通,普通,快速,普通,普通,普通,快速,普通,普通,普通,快速,普通,普通,普通,快速,普通,普通,普通,快速,普通,普通,普通,快速,普通,普通,普通,快速,普通,普通,普通,快速,普通,普通,普通,快速,普通,普通,普通,快速,回送,回送,普通,快速,回送,普通,普通,快速,回送,普通,快速,普通,快速,普通,快速,普通,快速,普通,快速,回送,普通,回送,回送,普通,普通,普通,普通,快速,快速,回送,回送,回送,回送,回送,回送,回送,回送,回送,回送,回送,回送,回送,回送,回送,回送,回送,回送,回送,回送,回送,回送,回送,回送,回送,回送,回送,回送,回送,回送,回送,回送,回送,回送,回送,回送,回送,回送,回送,回送,回送,回送,回送,回送,回送,回送,回送,回送,回送,回送,回送,回送,回送,回送,回送,回送,回送,回送,回送,回送,回送,回送,回送,回送,回送,回送,回送,回送,回送,回送,回送,回送,回送,回送,回送,回送,回送,回送,回送,回送,回送,回送,回送,回送,回送,回送,回送,回送,回送,回送,回送,回送,回送,回送,回送,回送,回送,回送,回送,回送,回送,回送,回送,回送,回送,回送
列車名,,,,,,,,,,,,,,,,,,,,,,,,,,,,,,,,,,,,,,,,,,,,,,,,,,,,,,,,,,,,,,,,,,,,,,,,,,,,,,,,,,,,,,,,,,,,,,,,,,,,,,,,,,,,,,,,,,,,,,,,,,,,,,,,,,,,,,,,,,,,,,,,,,,,,,,,,,,,,,,,,,,,,,,,,,,,,,,,,,,,,,,,,,,,,,,,,,,,,,,,,,,,,,,,,,,,,,,,,,,,,,,,,,,,,,,,,,,,,,,,,,,,,,,,,,,,,,,,,,,,,,,,,,,,,,,,,,,,,,,,,,,,,,,,,,,,,,,,,,,,,,,,,,,,,,,,,,,,,,,,,,,,,,,,,,,,,,,,,,,,,,,,,,,,,,,,,,,,,,,,,,,,,,,,,,,,,,,,,,,,,,,,,,,,,,,,,,,,,,,,,,,,,,,,,,,,
号数,,,,,,,,,,,,,,,,,,,,,,,,,,,,,,,,,,,,,,,,,,,,,,,,,,,,,,,,,,,,,,,,,,,,,,,,,,,,,,,,,,,,,,,,,,,,,,,,,,,,,,,,,,,,,,,,,,,,,,,,,,,,,,,,,,,,,,,,,,,,,,,,,,,,,,,,,,,,,,,,,,,,,,,,,,,,,,,,,,,,,,,,,,,,,,,,,,,,,,,,,,,,,,,,,,,,,,,,,,,,,,,,,,,,,,,,,,,,,,,,,,,,,,,,,,,,,,,,,,,,,,,,,,,,,,,,,,,,,,,,,,,,,,,,,,,,,,,,,,,,,,,,,,,,,,,,,,,,,,,,,,,,,,,,,,,,,,,,,,,,,,,,,,,,,,,,,,,,,,,,,,,,,,,,,,,,,,,,,,,,,,,,,,,,,,,,,,,,,,,,,,,,,,,,,,,,
,,,,,,,,,,,,,,,,,,,,,,,,,,,,,,,,,,,,,,,,,,,,,,,,,,,,,,,,,,,,,,,,,,,,,,,,,,,,,,,,,,,,,,,,,,,,,,,,,,,,,,,,,,,,,,,,,,,,,,,,,,,,,,,,,,,,,,,,,,,,,,,,,,,,,,,,,,,,,,,,,,,,,,,,,,,,,,,,,,,,,,,,,,,,,,,,,,,,,,,,,,,,,,,,,,,,,,,,,,,,,,,,,,,,,,,,,,,,,,,,,,,,,,,,,,,,,,,,,,,,,,,,,,,,,,,,,,,,,,,,,,,,,,,,,,,,,,,,,,,,,,,,,,,,,,,,,,,,,,,,,,,,,,,,,,,,,,,,,,,,,,,,,,,,,,,,,,,,,,,,,,,,,,,,,,,,,,,,,,,,,,,,,,,,,,,,,,,,,,,,,,,,,,,,,,,,
終着駅,,工,工,工,工,工,工,工,工,工,工,工,工,工,工,工,工,工,工,工,工,工,工,工,工,工,工,工,工,工,工,工,工,工,工,工,工,工,工,工,工,工,工,工,工,工,工,工,工,工,工,工,工,工,工,工,工,工,工,工,工,工,工,工,工,工,工,工,工,工,工,工,工,工,工,工,工,工,工,工,工,工,工,工,工,工,工,工,工,工,工,工,工,工,工,工,工,工,工,工,工,工,工,工,工,工,工,工,工,工,工,工,工,工,工,工,工,工,工,工,工,工,工,工,工,工,工,工,工,工,工,工,工,工,工,工,工,工,工,工,工,工,工,工,工,工,工,工,工,工,工,工,工,工,工,工,工,工,工,工,工,工,工,工,工,工,工,工,工,工,工,工,工,工,工,工,工,工,工,工,工,工,工,工,工,工,工,工,工,工,工,工,工,工,工,工,工,工,工,工,工,工,工,工,工,工,工,工,工,工,工,工,工,工,工,工,工,工,工,工,工,工,工,工,工,工,工,工,工,工,工,工,工,工,工,工,工,工,工,工,工,工,工,工,工,工,工,工,工,工,工,工,工,工,工,工,工,工,工,工,工,工,工,工,工,工,工,工,工,工,工,工,工,工,工,工,工,工,工,工,工,工,工,工,工,工,工,工,工,工,工,工,工,工,工,工,工,工,工,工,紫,機,飛,港,機,飛,飛車,全,飛車,飛車,飛車,飛車,飛車,飛車,全,全,全,全,全,全,全,全,全,全,全,全,全,全,全,全,全,全,全,全,全,全,全,全,全,全,全,全,全,全,全,全,全,全,全,全,全,全,全,全,全,全,全,全,全,全,全,全,全,全,全,全,全,全,全,全,全,全,全,全,全,全,全,全,全,全,全,全,全,全,全,全,全,全,全,全,全,全,全,全,全,全,全,全,全,全,全,全,飛車,飛車,飛車,飛車,飛車,飛車,飛車,飛車,飛車,飛車
始発駅作業,,,,,,,,,,,,,,,,,,,,,,,,,,,,,,,,,,,,,,,,,,,,,,,,,,,,,,,,,,,,,,,,,,,,,,,,,,,,,,,,,,,,,,,,,,,,,,,,,,,,,,,,,,,,,,,,,,,,,,,,,,,,,,,,,,,,,,,,,,,,,,,,,,,,,,,,,,,,,,,,,,,,,,,,,,,,,,,,,,,,,,,,,,,,,,,,,,,,,,,,,,,,,,,,,,,,,,,,,,,,,,,,,,,,,,,,,,,,,,,,,,,,,,,,,,,,,,,,,,,,,,,,,,,,,,,,,,,,,,,,,,,,,,,,,,,,,,,,,,,,,,,,,,,出区,,出区,出区,出区,出区,出区,出区,,,,,,,,,,,,,,,,,,,,,,,,,,,,,,,,,,,,,,,,,,,,,,,,,,,,,,,,,,,,,,,,,,,,,,,,,,,,,,,,,,,,,,,,,出区,出区,出区,出区,出区,出区,出区,出区,出区,出区
,,,,,,,,,,,,,,,,,,,,,,,,,,,,,,,,,,,,,,,,,,,,,,,,,,,,,,,,,,,,,,,,,,,,,,,,,,,,,,,,,,,,,,,,,,,,,,,,,,,,,,,,,,,,,,,,,,,,,,,,,,,,,,,,,,,,,,,,,,,,,,,,,,,,,,,,,,,,,,,,,,,,,,,,,,,,,,,,,,,,,,,,,,,,,,,,,,,,,,,,,,,,,,,,,,,,,,,,,,,,,,,,,,,,,,,,,,,,,,,,,,,,,,,,,,,,,,,,,,,,,,,,,,,,,,,,,,,,,,,,,,,,,,,,,,,,,,,,,,,,,,,,,,, 50900,, 51800, 52100, 52400, 52700, 51500, 51200,,,,,,,,,,,,,,,,,,,,,,,,,,,,,,,,,,,,,,,,,,,,,,,,,,,,,,,,,,,,,,,,,,,,,,,,,,,,,,,,,,,,,,,,, 55300, 53300, 53600, 54100, 54400, 53000, 55700, 60400, 61900, 62700
,,,,,,,,,,,,,,,,,,,,,,,,,,,,,,,,,,,,,,,,,,,,,,,,,,,,,,,,,,,,,,,,,,,,,,,,,,,,,,,,,,,,,,,,,,,,,,,,,,,,,,,,,,,,,,,,,,,,,,,,,,,,,,,,,,,,,,,,,,,,,,,,,,,,,,,,,,,,,,,,,,,,,,,,,,,,,,,,,,,,,,,,,,,,,,,,,,,,,,,,,,,,,,,,,,,,,,,,,,,,,,,,,,,,,,,,,,,,,,,,,,,,,,,,,,,,,,,,,,,,,,,,,,,,,,,,,,,,,,,,,,,,,,,,,,,,,,,,,,,,,,,,,,,E07,,E06,E05,C17,C16,C18,C19,,,,,,,,,,,,,,,,,,,,,,,,,,,,,,,,,,,,,,,,,,,,,,,,,,,,,,,,,,,,,,,,,,,,,,,,,,,,,,,,,,,,,,,,,C12/C51,C13,C14,E03,E04,C15,C20,C21,C22,C23
終着駅,,綾,全,綾,全,綾,公,全,全,公,綾,公,全,全,公,綾,公,全,全,公,綾,公,全,全,公,綾,公,全,全,公,綾,公,全,全,公,綾,公,全,全,公,綾,公,全,全,公,綾,公,全,飛車,公,綾,公,全,飛車,公,綾,公,全,飛車,公,綾,公,全,飛車,公,綾,公,全,公,綾,公,全,公,綾,公,全,公,綾,公,全,公,綾,公,全,公,綾,公,全,公,綾,公,全,公,綾,公,全,公,綾,公,全,公,綾,公,全,公,綾,公,全,公,綾,公,全,公,綾,公,全,公,綾,公,全,公,綾,公,全,公,綾,公,全,公,綾,公,全,公,綾,公,全,公,綾,公,全,公,綾,公,全,公,綾,公,全,公,綾,公,全,公,綾,公,全,公,綾,公,全,公,綾,公,全,公,綾,公,全,公,綾,公,全,公,綾,公,全,公,綾,公,全,公,綾,公,全,公,綾,公,全,全,公,綾,公,全,全,公,綾,公,全,全,公,綾,公,全,全,公,綾,公,全,全,公,綾,公,全,全,公,綾,公,全,全,公,綾,公,全,全,公,綾,公,飛車,全,公,綾,公,全,飛車,公,綾,公,飛車,全,公,綾,公,全,公,綾,公,全,公,綾,公,全,公,綾,公,全,公,綾,公,全,公,綾,公,全,公,綾,公,全,公,綾,公,全,公,綾,公,全,公,綾,飛車,飛車,全,綾,飛車,全,全,綾,飛車,全,綾,全,綾,紫,綾,機,機,飛,飛,飛車,港,飛車,飛車,全,全,全,全,綾,綾,綾,京車,機,機,機,機,紫,紫,京車,京車,京車,京車,京車,京車,京車,京車,京車,京車,京車,京車,京車,京車,京車,京車,京車,京車,京車,京車,京車,京車,京車,京車,京車,京車,京車,京車,京車,京車,京車,京車,京車,京車,京車,京車,京車,京車,京車,京車,京車,京車,京車,京車,京車,京車,京車,京車,京車,京車,京車,京車,京車,京車,京車,京車,京車,京車,京車,京車,京車,京車,京車,京車,京車,京車,京車,京車,京車,京車,京車,京車,京車,京車,京車,京車,京車,京車,京車,京車,京車,京車,京車,京車,京車,京車,京車,京車,港,飛,飛,飛,飛,公,公,公,公,公
終着駅作業,,,列車情報変更,,列車情報変更,,,列車情報変更,列車情報変更,,,,列車情報変更,列車情報変更,,,,列車情報変更,列車情報変更,,,,列車情報変更,列車情報変更,,,,列車情報変更,列車情報変更,,,,列車情報変更,列車情報変更,,,,列車情報変更,列車情報変更,,,,列車情報変更,列車情報変更,,,,列車情報変更,入区,,,,列車情報変更,入区,,,,列車情報変更,入区,,,,列車情報変更,入区,,,,列車情報変更,,,,列車情報変更,,,,列車情報変更,,,,列車情報変更,,,,列車情報変更,,,,列車情報変更,,,,列車情報変更,,,,列車情報変更,,,,列車情報変更,,,,列車情報変更,,,,列車情報変更,,,,列車情報変更,,,,列車情報変更,,,,列車情報変更,,,,列車情報変更,,,,列車情報変更,,,,列車情報変更,,,,列車情報変更,,,,列車情報変更,,,,列車情報変更,,,,列車情報変更,,,,列車情報変更,,,,列車情報変更,,,,列車情報変更,,,,列車情報変更,,,,列車情報変更,,,,列車情報変更,,,,列車情報変更,,,,列車情報変更,,,,列車情報変更,,,,列車情報変更,列車情報変更,,,,列車情報変更,列車情報変更,,,,列車情報変更,列車情報変更,,,,列車情報変更,列車情報変更,,,,列車情報変更,列車情報変更,,,,列車情報変更,列車情報変更,,,,列車情報変更,列車情報変更,,,,列車情報変更,列車情報変更,,,,入区,列車情報変更,,,,列車情報変更,入区,,,,入区,列車情報変更,,,,列車情報変更,,,,列車情報変更,,,,列車情報変更,,,,列車情報変更,,,,列車情報変更,,,,列車情報変更,,,,列車情報変更,,,,列車情報変更,,,,列車情報変更,,,入区,入区,列車情報変更,,入区,列車情報変更,列車情報変更,,入区,列車情報変更,,列車情報変更,,,,,,,,入区,,入区,入区,列車情報変更,列車情報変更,列車情報変更,列車情報変更,,,,入区,,,,,,,,,,,,,,,,,,,,,,,,,,,,,,,,,,,,,,,,,,,,,,,,,,,,,,,,,,入区,,,入区,,,,,,,,,,,,,入区,,,,入区,,,入区,入区,入区,,,,,,,,入区,,入区,,,,,,,,,,,
,,,,,,,,,,,,,,,,,,,,,,,,,,,,,,,,,,,,,,,,,,,,,,,,, 84115,,,,, 85615,,,,, 91115,,,,, 92615,,,,,,,,,,,,,,,,,,,,,,,,,,,,,,,,,,,,,,,,,,,,,,,,,,,,,,,,,,,,,,,,,,,,,,,,,,,,,,,,,,,,,,,,,,,,,,,,,,,,,,,,,,,,,,,,,,,,,,,,,,,,,,,,,,,,,,,,,,,,,,,,,,,,,,,,,,,,,,,,,,,,190645,,,,,,192645,,,,193645,,,,,,,,,,,,,,,,,,,,,,,,,,,,,,,,,,,,,,,,220415,220715,,,222015,,,,223615,,,,,,,,,,,235115,, 00415, 00715,,,,,,,,233950,,,,,,,,,,,,,,,,,,,,,,,,,,,,,,,,,,,,,,,,,,,,,,,,,,,,,,,,,,190100,,,194600,,,,,,,,,,,,,230100,,,, 00100,,, 83740, 85240, 90740,,,,,,,,190740,,193740,,,,,,,,,,,
飛灣工業區,番線,2,3,2,3,2,4,3,4,3,2,4,3,4,3,2,4,3,1,4,2,4,3,4,1,2,4,3,4,4,2,4,3,4,4,2,4,3,4,4,2,4,3,4,4,2,3,4,3,4,2,4,4,3,4,2,3,3,4,3,2,4,4,3,4,2,3,4,3,2,4,3,4,2,3,4,3,2,4,3,4,2,3,4,3,2,4,3,4,2,3,4,3,2,4,3,4,2,3,4,3,2,4,3,4,2,3,4,3,2,4,3,4,2,3,4,3,2,4,3,4,2,3,4,3,2,4,3,4,2,3,4,3,2,4,3,4,2,3,4,3,2,4,3,4,2,3,4,3,2,4,3,4,2,3,4,3,2,4,3,4,2,3,4,3,2,4,3,4,2,3,4,3,2,4,3,4,2,3,4,3,2,4,3,4,2,4,3,4,1,2,4,3,4,1,2,4,3,4,3,2,4,3,4,4,2,4,3,4,3,2,4,3,4,3,2,4,3,4,3,2,4,3,4,3,2,4,3,4,3,2,4,3,4,3,2,4,3,4,3,2,4,3,4,2,3,4,3,2,4,3,4,2,3,4,3,2,4,3,4,2,3,4,3,2,4,3,4,2,3,4,3,2,4,3,4,2,3,4,3,2,4,3,4,2,4,3,2,3,2,3,2,3,2,3,2,2,3,3,2,,,,,,,,,,,,,,,,,,,,,,,,,,,,,,,,,,,,,,,,,,,,,,,,,,,,,,,,,,,,,,,,,,,,,,,,,,,,,,,,,,,,,,,,,,,,,,,,,,,,,,,,,,,,,,,,
飛灣工業區,発, 55955, 60705, 61455, 62205, 62955, 63220, 63420, 63705, 64155, 64455, 64720, 64920, 65205, 65655, 65955, 70220, 70420, 70705, 71200, 71455, 71720, 71920, 72205, 72700, 72955, 73220, 73420, 73705, 74200, 74455, 74720, 74920, 75205, 75700, 75955, 80220, 80420, 80705, 81200, 81455, 81720, 81920, 82205, 82700, 82955, 83220, 83705, 83900, 84200, 84455, 84720, 85205, 85400, 85700, 85955, 90220, 90705, 90900, 91200, 91455, 91720, 92205, 92400, 92700, 92955, 93220, 93705, 94200, 94455, 94720, 95205, 95700, 95955,100220,100705,101200,101455,101720,102205,102700,102955,103220,103705,104200,104455,104720,105205,105700,105955,110220,110705,111200,111455,111720,112205,112700,112955,113220,113705,114200,114455,114720,115205,115700,115955,120220,120705,121200,121455,121720,122205,122700,122955,123220,123705,124200,124455,124720,125205,125700,125955,130220,130705,131200,131455,131720,132205,132700,132955,133220,133705,134200,134455,134720,135205,135700,135955,140220,140705,141200,141455,141720,142205,142700,142955,143220,143705,144200,144455,144720,145205,145700,145955,150220,150705,151200,151455,151720,152205,152700,152955,153220,153705,154200,154455,154720,155205,155700,155955,160220,160705,161200,161455,161720,162205,162700,162955,163220,163705,164200,164455,164720,165205,165700,165955,170220,170420,170705,171200,171455,171720,171920,172205,172700,172955,173220,173420,173705,174200,174455,174720,174920,175205,175700,175955,180220,180420,180705,181200,181455,181720,181920,182205,182700,182955,183220,183420,183705,184200,184455,184720,184920,185205,185700,185955,190220,190430,190705,191200,191455,191720,192205,192430,192700,192955,193220,193430,193705,194200,194455,194720,195205,195700,195955,200220,200705,201200,201455,201720,202205,202700,202955,203220,203705,204200,204455,204720,205205,205700,205955,210220,210705,211200,211455,211720,212205,212700,212955,213220,213705,214200,214455,214720,215205,215700,215955,220200,220500,220705,221455,221800,222205,222655,222955,223400,223705,224455,225205,225955,230705,231455,232205,232955,233705,234455,234900,235120, 00200, 00500,,,,,,,,,,,,,,,,,,,,,,,,,,,,,,,,,,,,,,,,,,,,,,,,,,,,,,,,,,,,,,,,,,,,,,,,,,,,,,,,,,,,,,,,,,,,,,,,,,,,,,,,,,,,,,,,
飛灣車輛基地,着, ﾚ, ﾚ, ﾚ, ﾚ, ﾚ, ﾚ, ﾚ, ﾚ, ﾚ, ﾚ, ﾚ, ﾚ, ﾚ, ﾚ, ﾚ, ﾚ, ﾚ, ﾚ, ﾚ, ﾚ, ﾚ, ﾚ, ﾚ, ﾚ, ﾚ, ﾚ, ﾚ, ﾚ, ﾚ, ﾚ, ﾚ, ﾚ, ﾚ, ﾚ, ﾚ, ﾚ, ﾚ, ﾚ, ﾚ, ﾚ, ﾚ, ﾚ, ﾚ, ﾚ, ﾚ, ﾚ, ﾚ, 84015, ﾚ, ﾚ, ﾚ, ﾚ, 85515, ﾚ, ﾚ, ﾚ, ﾚ, 91015, ﾚ, ﾚ, ﾚ, ﾚ, 92515, ﾚ, ﾚ, ﾚ, ﾚ, ﾚ, ﾚ, ﾚ, ﾚ, ﾚ, ﾚ, ﾚ, ﾚ, ﾚ, ﾚ, ﾚ, ﾚ, ﾚ, ﾚ, ﾚ, ﾚ, ﾚ, ﾚ, ﾚ, ﾚ, ﾚ, ﾚ, ﾚ, ﾚ, ﾚ, ﾚ, ﾚ, ﾚ, ﾚ, ﾚ, ﾚ, ﾚ, ﾚ, ﾚ, ﾚ, ﾚ, ﾚ, ﾚ, ﾚ, ﾚ, ﾚ, ﾚ, ﾚ, ﾚ, ﾚ, ﾚ, ﾚ, ﾚ, ﾚ, ﾚ, ﾚ, ﾚ, ﾚ, ﾚ, ﾚ, ﾚ, ﾚ, ﾚ, ﾚ, ﾚ, ﾚ, ﾚ, ﾚ, ﾚ, ﾚ, ﾚ, ﾚ, ﾚ, ﾚ, ﾚ, ﾚ, ﾚ, ﾚ, ﾚ, ﾚ, ﾚ, ﾚ, ﾚ, ﾚ, ﾚ, ﾚ, ﾚ, ﾚ, ﾚ, ﾚ, ﾚ, ﾚ, ﾚ, ﾚ, ﾚ, ﾚ, ﾚ, ﾚ, ﾚ, ﾚ, ﾚ, ﾚ, ﾚ, ﾚ, ﾚ, ﾚ, ﾚ, ﾚ, ﾚ, ﾚ, ﾚ, ﾚ, ﾚ, ﾚ, ﾚ, ﾚ, ﾚ, ﾚ, ﾚ, ﾚ, ﾚ, ﾚ, ﾚ, ﾚ, ﾚ, ﾚ, ﾚ, ﾚ, ﾚ, ﾚ, ﾚ, ﾚ, ﾚ, ﾚ, ﾚ, ﾚ, ﾚ, ﾚ, ﾚ, ﾚ, ﾚ, ﾚ, ﾚ, ﾚ, ﾚ, ﾚ, ﾚ, ﾚ, ﾚ, ﾚ, ﾚ, ﾚ, ﾚ, ﾚ, ﾚ, ﾚ, ﾚ, ﾚ, ﾚ, ﾚ, ﾚ, ﾚ, ﾚ, ﾚ,190545, ﾚ, ﾚ, ﾚ, ﾚ, ﾚ,192545, ﾚ, ﾚ, ﾚ,193545, ﾚ, ﾚ, ﾚ, ﾚ, ﾚ, ﾚ, ﾚ, ﾚ, ﾚ, ﾚ, ﾚ, ﾚ, ﾚ, ﾚ, ﾚ, ﾚ, ﾚ, ﾚ, ﾚ, ﾚ, ﾚ, ﾚ, ﾚ, ﾚ, ﾚ, ﾚ, ﾚ, ﾚ, ﾚ, ﾚ, ﾚ, ﾚ, ﾚ, ﾚ, ﾚ, ﾚ, ﾚ, ﾚ, ﾚ,220315,220615, ﾚ, ﾚ,221915, ﾚ, ﾚ, ﾚ,223515, ﾚ, ﾚ, ﾚ, ﾚ, ﾚ, ﾚ, ﾚ, ﾚ, ﾚ, ﾚ,235015, ﾚ, 00315, 00615,,,,,,,,,,,,,,,,,,,,,,,,,,,,,,,,,,,,,,,,,,,,,,,,,,,,,,,,,,,,,,,,,,,,,,,,,,,,,,,,,,,,,,,,,,,,,,,,,,,,,,,,,,,,,,,,
飛灣車輛基地,番線,下通線,下通線,下通線,下通線,下通線,下通線,下通線,下通線,下通線,下通線,下通線,下通線,下通線,下通線,下通線,下通線,下通線,下通線,下通線,下通線,下通線,下通線,下通線,下通線,下通線,下通線,下通線,下通線,下通線,下通線,下通線,下通線,下通線,下通線,下通線,下通線,下通線,下通線,下通線,下通線,下通線,下通線,下通線,下通線,下通線,下通線,下通線,下行線,下通線,下通線,下通線,下通線,下行線,下通線,下通線,下通線,下通線,下行線,下通線,下通線,下通線,下通線,下行線,下通線,下通線,下通線,下通線,下通線,下通線,下通線,下通線,下通線,下通線,下通線,下通線,下通線,下通線,下通線,下通線,下通線,下通線,下通線,下通線,下通線,下通線,下通線,下通線,下通線,下通線,下通線,下通線,下通線,下通線,下通線,下通線,下通線,下通線,下通線,下通線,下通線,下通線,下通線,下通線,下通線,下通線,下通線,下通線,下通線,下通線,下通線,下通線,下通線,下通線,下通線,下通線,下通線,下通線,下通線,下通線,下通線,下通線,下通線,下通線,下通線,下通線,下通線,下通線,下通線,下通線,下通線,下通線,下通線,下通線,下通線,下通線,下通線,下通線,下通線,下通線,下通線,下通線,下通線,下通線,下通線,下通線,下通線,下通線,下通線,下通線,下通線,下通線,下通線,下通線,下通線,下通線,下通線,下通線,下通線,下通線,下通線,下通線,下通線,下通線,下通線,下通線,下通線,下通線,下通線,下通線,下通線,下通線,下通線,下通線,下通線,下通線,下通線,下通線,下通線,下通線,下通線,下通線,下通線,下通線,下通線,下通線,下通線,下通線,下通線,下通線,下通線,下通線,下通線,下通線,下通線,下通線,下通線,下通線,下通線,下通線,下通線,下通線,下通線,下通線,下通線,下通線,下通線,下通線,下通線,下通線,下通線,下通線,下通線,下通線,下通線,下通線,下通線,下通線,下通線,下通線,下通線,下通線,下通線,下通線,下通線,下通線,下通線,下行線,下通線,下通線,下通線,下通線,下通線,下行線,下通線,下通線,下通線,下行線,下通線,下通線,下通線,下通線,下通線,下通線,下通線,下通線,下通線,下通線,下通線,下通線,下通線,下通線,下通線,下通線,下通線,下通線,下通線,下通線,下通線,下通線,下通線,下通線,下通線,下通線,下通線,下通線,下通線,下通線,下通線,下通線,下通線,下通線,下通線,下通線,下通線,下通線,下通線,下行線,下行線,下通線,下通線,下行線,下通線,下通線,下通線,下行線,下通線,下通線,下通線,下通線,下通線,下通線,下通線,下通線,下通線,下通線,下行線,下通線,下行線,下行線,,,,,,,反,,反,反,反,反,反,反,,,,,,,,,,,,,,,,,,,,,,,,,,,,,,,,,,,,,,,,,,,,,,,,,,,,,,,,,,,,,,,,,,,,,,,,,,,,,,,,,,,,,,,,,反,反,反,反,反,反,反,反,反,反
飛灣車輛基地,発, 60055?, 60805?, 61555?, 62305?, 63055?, 63320?, 63520?, 63805?, 64255?, 64555?, 64820?, 65020?, 65305?, 65755?, 70055?, 70320?, 70520?, 70805?, 71300?, 71555?, 71820?, 72020?, 72305?, 72800?, 73055?, 73320?, 73520?, 73805?, 74300?, 74555?, 74820?, 75020?, 75305?, 75800?, 80055?, 80320?, 80520?, 80805?, 81300?, 81555?, 81820?, 82020?, 82305?, 82800?, 83055?, 83320?, 83805?,, 84300?, 84555?, 84820?, 85305?,, 85800?, 90055?, 90320?, 90805?,, 91300?, 91555?, 91820?, 92305?,, 92800?, 93055?, 93320?, 93805?, 94300?, 94555?, 94820?, 95305?, 95800?,100055?,100320?,100805?,101300?,101555?,101820?,102305?,102800?,103055?,103320?,103805?,104300?,104555?,104820?,105305?,105800?,110055?,110320?,110805?,111300?,111555?,111820?,112305?,112800?,113055?,113320?,113805?,114300?,114555?,114820?,115305?,115800?,120055?,120320?,120805?,121300?,121555?,121820?,122305?,122800?,123055?,123320?,123805?,124300?,124555?,124820?,125305?,125800?,130055?,130320?,130805?,131300?,131555?,131820?,132305?,132800?,133055?,133320?,133805?,134300?,134555?,134820?,135305?,135800?,140055?,140320?,140805?,141300?,141555?,141820?,142305?,142800?,143055?,143320?,143805?,144300?,144555?,144820?,145305?,145800?,150055?,150320?,150805?,151300?,151555?,151820?,152305?,152800?,153055?,153320?,153805?,154300?,154555?,154820?,155305?,155800?,160055?,160320?,160805?,161300?,161555?,161820?,162305?,162800?,163055?,163320?,163805?,164300?,164555?,164820?,165305?,165800?,170055?,170320?,170520?,170805?,171300?,171555?,171820?,172020?,172305?,172800?,173055?,173320?,173520?,173805?,174300?,174555?,174820?,175020?,175305?,175800?,180055?,180320?,180520?,180805?,181300?,181555?,181820?,182020?,182305?,182800?,183055?,183320?,183520?,183805?,184300?,184555?,184820?,185020?,185305?,185800?,190055?,190320?,,190805?,191300?,191555?,191820?,192305?,,192800?,193055?,193320?,,193805?,194300?,194555?,194820?,195305?,195800?,200055?,200320?,200805?,201300?,201555?,201820?,202305?,202800?,203055?,203320?,203805?,204300?,204555?,204820?,205305?,205800?,210055?,210320?,210805?,211300?,211555?,211820?,212305?,212800?,213055?,213320?,213805?,214300?,214555?,214820?,215305?,215800?,220055?,,,220805?,221555?,,222305?,222755?,223055?,,223805?,224555?,225305?,230055?,230805?,231555?,232305?,233055?,233805?,234555?,,235220?,,,,,,,,, 51000,, 51900, 52200, 52500, 52800, 51600, 51300,,,,,,,,,,,,,,,,,,,,,,,,,,,,,,,,,,,,,,,,,,,,,,,,,,,,,,,,,,,,,,,,,,,,,,,,,,,,,,,,,,,,,,,,, 55400, 53400, 53700, 54200, 54500, 53100, 55800, 60500, 62000, 62800
飛灣港,着, ﾚ, 61215, ﾚ, 62715, ﾚ, 63730, 63930, 64215, 64705, ﾚ, 65230, 65430, 65715, 70205, ﾚ, 70730, 70930, 71215, 71710, ﾚ, 72230, 72430, 72715, 73210, ﾚ, 73730, 73930, 74215, 74710, ﾚ, 75230, 75430, 75715, 80210, ﾚ, 80730, 80930, 81215, 81710, ﾚ, 82230, 82430, 82715, 83210, ﾚ, 83730, 84215,, 84710, ﾚ, 85230, 85715,, 90210, ﾚ, 90730, 91215,, 91710, ﾚ, 92230, 92715,, 93210, ﾚ, 93730, 94215, 94710, ﾚ, 95230, 95715,100210, ﾚ,100730,101215,101710, ﾚ,102230,102715,103210, ﾚ,103730,104215,104710, ﾚ,105230,105715,110210, ﾚ,110730,111215,111710, ﾚ,112230,112715,113210, ﾚ,113730,114215,114710, ﾚ,115230,115715,120210, ﾚ,120730,121215,121710, ﾚ,122230,122715,123210, ﾚ,123730,124215,124710, ﾚ,125230,125715,130210, ﾚ,130730,131215,131710, ﾚ,132230,132715,133210, ﾚ,133730,134215,134710, ﾚ,135230,135715,140210, ﾚ,140730,141215,141710, ﾚ,142230,142715,143210, ﾚ,143730,144215,144710, ﾚ,145230,145715,150210, ﾚ,150730,151215,151710, ﾚ,152230,152715,153210, ﾚ,153730,154215,154710, ﾚ,155230,155715,160210, ﾚ,160730,161215,161710, ﾚ,162230,162715,163210, ﾚ,163730,164215,164710, ﾚ,165230,165715,170210, ﾚ,170730,170930,171215,171710, ﾚ,172230,172430,172715,173210, ﾚ,173730,173930,174215,174710, ﾚ,175230,175430,175715,180210, ﾚ,180730,180930,181215,181710, ﾚ,182230,182430,182715,183210, ﾚ,183730,183930,184215,184710, ﾚ,185230,185430,185715,190210, ﾚ,190730,,191215,191710, ﾚ,192230,192715,,193210, ﾚ,193730,,194215,194710, ﾚ,195230,195715,200210, ﾚ,200730,201215,201710, ﾚ,202230,202715,203210, ﾚ,203730,204215,204710, ﾚ,205230,205715,210210, ﾚ,210730,211215,211710, ﾚ,212230,212715,213210, ﾚ,213730,214215,214710, ﾚ,215230,215715,220210, ﾚ,,,221215, ﾚ,,222715,223205, ﾚ,,224215, ﾚ,225715, ﾚ,231215, ﾚ,232715, ﾚ,234215, ﾚ,,235630,,,,,,,,, ﾚ,, ﾚ, ﾚ, ﾚ, ﾚ, ﾚ, ﾚ,,,,,,,,,,,,,,,,,,,,,,,,,,,,,,,,,,,,,,,,,,,,,,,,,,,,,,,,,,,,,,,,,,,,,,,,,,,,,,,,,,,,,,,,, ﾚ, ﾚ, ﾚ, ﾚ, ﾚ, ﾚ, 60200?, ﾚ, ﾚ, 63200?
飛灣港,番線,下通線,1,下通線,1,下通線,1,1,1,1,下通線,1,1,1,1,下通線,1,1,1,1,下通線,1,1,1,1,下通線,1,1,1,1,下通線,1,1,1,1,下通線,1,1,1,1,下通線,1,1,1,1,下通線,1,1,,1,下通線,1,1,,1,下通線,1,1,,1,下通線,1,1,,1,下通線,1,1,1,下通線,1,1,1,下通線,1,1,1,下通線,1,1,1,下通線,1,1,1,下通線,1,1,1,下通線,1,1,1,下通線,1,1,1,下通線,1,1,1,下通線,1,1,1,下通線,1,1,1,下通線,1,1,1,下通線,1,1,1,下通線,1,1,1,下通線,1,1,1,下通線,1,1,1,下通線,1,1,1,下通線,1,1,1,下通線,1,1,1,下通線,1,1,1,下通線,1,1,1,下通線,1,1,1,下通線,1,1,1,下通線,1,1,1,下通線,1,1,1,下通線,1,1,1,下通線,1,1,1,下通線,1,1,1,下通線,1,1,1,下通線,1,1,1,下通線,1,1,1,1,下通線,1,1,1,1,下通線,1,1,1,1,下通線,1,1,1,1,下通線,1,1,1,1,下通線,1,1,1,1,下通線,1,1,1,1,下通線,1,1,1,1,下通線,1,,1,1,下通線,1,1,,1,下通線,1,,1,1,下通線,1,1,1,下通線,1,1,1,下通線,1,1,1,下通線,1,1,1,下通線,1,1,1,下通線,1,1,1,下通線,1,1,1,下通線,1,1,1,下通線,1,1,1,下通線,,,1,下通線,,1,1,下通線,,1,下通線,1,下通線,1,下通線,1,下通線,1,下通線,,1,,,,,,,,,下通線,,下通線,下通線,下通線,下通線,下通線,下通線,,,,,,,,,,,,,,,,,,,,,,,,,,,,,,,,,,,,,,,,,,,,,,,,,,,,,,,,,,,,,,,,,,,,,,,,,,,,,,,,,,,,,,,,,下通線,下通線,下通線,下通線,下通線,下通線,1,下通線,下通線,1
飛灣港,発, 60435?, 61245, 61935?, 62745, 63435?, 63800, 64000, 64245, 64735, 64935?, 65300, 65500, 65745, 70235, 70435?, 70800, 71000, 71245, 71740, 71935?, 72300, 72500, 72745, 73240, 73435?, 73800, 74000, 74245, 74740, 74935?, 75300, 75500, 75745, 80240, 80435?, 80800, 81000, 81245, 81740, 81935?, 82300, 82500, 82745, 83240, 83435?, 83800, 84245,, 84740, 84935?, 85300, 85745,, 90240, 90435?, 90800, 91245,, 91740, 91935?, 92300, 92745,, 93240, 93435?, 93800, 94245, 94740, 94935?, 95300, 95745,100240,100435?,100800,101245,101740,101935?,102300,102745,103240,103435?,103800,104245,104740,104935?,105300,105745,110240,110435?,110800,111245,111740,111935?,112300,112745,113240,113435?,113800,114245,114740,114935?,115300,115745,120240,120435?,120800,121245,121740,121935?,122300,122745,123240,123435?,123800,124245,124740,124935?,125300,125745,130240,130435?,130800,131245,131740,131935?,132300,132745,133240,133435?,133800,134245,134740,134935?,135300,135745,140240,140435?,140800,141245,141740,141935?,142300,142745,143240,143435?,143800,144245,144740,144935?,145300,145745,150240,150435?,150800,151245,151740,151935?,152300,152745,153240,153435?,153800,154245,154740,154935?,155300,155745,160240,160435?,160800,161245,161740,161935?,162300,162745,163240,163435?,163800,164245,164740,164935?,165300,165745,170240,170435?,170800,171000,171245,171740,171935?,172300,172500,172745,173240,173435?,173800,174000,174245,174740,174935?,175300,175500,175745,180240,180435?,180800,181000,181245,181740,181935?,182300,182500,182745,183240,183435?,183800,184000,184245,184740,184935?,185300,185500,185745,190240,190435?,190800,,191245,191740,191935?,192300,192745,,193240,193435?,193800,,194245,194740,194935?,195300,195745,200240,200435?,200800,201245,201740,201935?,202300,202745,203240,203435?,203800,204245,204740,204935?,205300,205745,210240,210435?,210800,211245,211740,211935?,212300,212745,213240,213435?,213800,214245,214740,214935?,215300,215745,220240,220435?,,,221245,221935?,,222745,223235,223435?,,224245,224935?,225745,230435?,231245,231935?,232745,233435?,234245,234935?,,235700,,,,,,,,, ﾚ,, ﾚ, ﾚ, ﾚ, ﾚ, ﾚ, ﾚ,,,,,,,,,,,,,,,,,,,,,,,,,,,,,,,,,,,,,,,,,,,,,,,,,,,,,,,,,,,,,,,,,,,,,,,,,,,,,,,,,,,,,,,,, ﾚ, ﾚ, ﾚ, ﾚ, ﾚ, ﾚ, 60700?, ﾚ, ﾚ, 63600?
物流中心,発, ﾚ, 61440, ﾚ, 62940, ﾚ, 63955, 64155, 64440, 64930, ﾚ, 65455, 65655, 65940, 70430, ﾚ, 70955, 71155, 71440, 71935, ﾚ, 72455, 72655, 72940, 73435, ﾚ, 73955, 74155, 74440, 74935, ﾚ, 75455, 75655, 75940, 80435, ﾚ, 80955, 81155, 81440, 81935, ﾚ, 82455, 82655, 82940, 83435, ﾚ, 83955, 84440,, 84935, ﾚ, 85455, 85940,, 90435, ﾚ, 90955, 91440,, 91935, ﾚ, 92455, 92940,, 93435, ﾚ, 93955, 94440, 94935, ﾚ, 95455, 95940,100435, ﾚ,100955,101440,101935, ﾚ,102455,102940,103435, ﾚ,103955,104440,104935, ﾚ,105455,105940,110435, ﾚ,110955,111440,111935, ﾚ,112455,112940,113435, ﾚ,113955,114440,114935, ﾚ,115455,115940,120435, ﾚ,120955,121440,121935, ﾚ,122455,122940,123435, ﾚ,123955,124440,124935, ﾚ,125455,125940,130435, ﾚ,130955,131440,131935, ﾚ,132455,132940,133435, ﾚ,133955,134440,134935, ﾚ,135455,135940,140435, ﾚ,140955,141440,141935, ﾚ,142455,142940,143435, ﾚ,143955,144440,144935, ﾚ,145455,145940,150435, ﾚ,150955,151440,151935, ﾚ,152455,152940,153435, ﾚ,153955,154440,154935, ﾚ,155455,155940,160435, ﾚ,160955,161440,161935, ﾚ,162455,162940,163435, ﾚ,163955,164440,164935, ﾚ,165455,165940,170435, ﾚ,170955,171155,171440,171935, ﾚ,172455,172655,172940,173435, ﾚ,173955,174155,174440,174935, ﾚ,175455,175655,175940,180435, ﾚ,180955,181155,181440,181935, ﾚ,182455,182655,182940,183435, ﾚ,183955,184155,184440,184935, ﾚ,185455,185655,185940,190435, ﾚ,190955,,191440,191935, ﾚ,192455,192940,,193435, ﾚ,193955,,194440,194935, ﾚ,195455,195940,200435, ﾚ,200955,201440,201935, ﾚ,202455,202940,203435, ﾚ,203955,204440,204935, ﾚ,205455,205940,210435, ﾚ,210955,211440,211935, ﾚ,212455,212940,213435, ﾚ,213955,214440,214935, ﾚ,215455,215940,220435, ﾚ,,,221440, ﾚ,,222940,223430, ﾚ,,224440, ﾚ,225940, ﾚ,231440, ﾚ,232940, ﾚ,234440, ﾚ,,235855,,,,,,,,, ﾚ,, ﾚ, ﾚ, ﾚ, ﾚ, ﾚ, ﾚ,,,,,,,,,,,,,,,,,,,,,,,,,,,,,,,,,,,,,,,,,,,,,,,,,,,,,,,,,,,,,,,,,,,,,,,,,,,,,,,,,,,,,,,,, ﾚ, ﾚ, ﾚ, ﾚ, ﾚ, ﾚ, ﾚ, ﾚ, ﾚ, ﾚ
飛灣郵輪港,着, 60640, 61605, 62140, 63105, 63640, 64120, 64320, 64605, 65055, 65140, 65620, 65820, 70105, 70555, 70640, 71120, 71320, 71605, 72100, 72140, 72620, 72820, 73105, 73600, 73640, 74120, 74320, 74605, 75100, 75140, 75620, 75820, 80105, 80600, 80640, 81120, 81320, 81605, 82100, 82140, 82620, 82820, 83105, 83600, 83640, 84120, 84605,, 85100, 85140, 85620, 90105,, 90600, 90640, 91120, 91605,, 92100, 92140, 92620, 93105,, 93600, 93640, 94120, 94605, 95100, 95140, 95620,100105,100600,100640,101120,101605,102100,102140,102620,103105,103600,103640,104120,104605,105100,105140,105620,110105,110600,110640,111120,111605,112100,112140,112620,113105,113600,113640,114120,114605,115100,115140,115620,120105,120600,120640,121120,121605,122100,122140,122620,123105,123600,123640,124120,124605,125100,125140,125620,130105,130600,130640,131120,131605,132100,132140,132620,133105,133600,133640,134120,134605,135100,135140,135620,140105,140600,140640,141120,141605,142100,142140,142620,143105,143600,143640,144120,144605,145100,145140,145620,150105,150600,150640,151120,151605,152100,152140,152620,153105,153600,153640,154120,154605,155100,155140,155620,160105,160600,160640,161120,161605,162100,162140,162620,163105,163600,163640,164120,164605,165100,165140,165620,170105,170600,170640,171120,171320,171605,172100,172140,172620,172820,173105,173600,173640,174120,174320,174605,175100,175140,175620,175820,180105,180600,180640,181120,181320,181605,182100,182140,182620,182820,183105,183600,183640,184120,184320,184605,185100,185140,185620,185820,190105,190600,190640,191120,,191605,192100,192140,192620,193105,,193600,193640,194120,,194605,195100,195140,195620,200105,200600,200640,201120,201605,202100,202140,202620,203105,203600,203640,204120,204605,205100,205140,205620,210105,210600,210640,211120,211605,212100,212140,212620,213105,213600,213640,214120,214605,215100,215140,215620,220105,220600,220640,,,221605,222140,,223105,223555,223640,,224605,225140,230105,230640,231605,232140,233105,233640,234605,235140,,240020,,,,,,,,, ﾚ,, ﾚ, ﾚ, ﾚ, ﾚ, ﾚ, ﾚ,,,,,,,,,,,,,,,,,,,,,,,,,,,,,,,,,,,,,,,,,,,,,,,,,,,,,,,,,,,,,,,,,,,,,,,,,,,,,,,,,,,,,,,,, 60000, ﾚ, ﾚ, ﾚ, ﾚ, ﾚ, ﾚ, ﾚ, ﾚ, ﾚ
飛灣郵輪港,番線,2,1,2,1,2,1,1,1,1,2,1,1,1,1,2,1,1,1,1,2,1,1,1,1,2,1,1,1,1,2,1,1,1,1,2,1,1,1,1,2,1,1,1,1,2,1,1,,1,2,1,1,,1,2,1,1,,1,2,1,1,,1,2,1,1,1,2,1,1,1,2,1,1,1,2,1,1,1,2,1,1,1,2,1,1,1,2,1,1,1,2,1,1,1,2,1,1,1,2,1,1,1,2,1,1,1,2,1,1,1,2,1,1,1,2,1,1,1,2,1,1,1,2,1,1,1,2,1,1,1,2,1,1,1,2,1,1,1,2,1,1,1,2,1,1,1,2,1,1,1,2,1,1,1,2,1,1,1,2,1,1,1,2,1,1,1,2,1,1,1,2,1,1,1,2,1,1,1,2,1,1,1,2,1,1,1,1,2,1,1,1,1,2,1,1,1,1,2,1,1,1,1,2,1,1,1,1,2,1,1,1,1,2,1,1,1,1,2,1,1,1,1,2,1,,1,1,2,1,1,,1,2,1,,1,1,2,1,1,1,2,1,1,1,2,1,1,1,2,1,1,1,2,1,1,1,2,1,1,1,2,1,1,1,2,1,1,1,2,1,1,1,2,,,1,2,,1,1,2,,1,2,1,2,1,2,1,2,1,2,,1,,,,,,1,,,2,,2,2,2,2,2,2,,,,,,,,,,,,,,,,,,,,,,,,,,,,,,,,,,,,,,,,,,,,,,,,,,,,,,,,,,,,,,,,,,,,,,,,,,,,,,,,,,,,,,,,,1,2,2,2,2,2,2,2,2,2
飛灣郵輪港,発, 60740, 61705, 62240, 63205, 63740, 64220, 64420, 64705, 65325, 65240, 65720, 65920, 70205, 70825, 70740, 71220, 71420, 71705, 72330, 72240, 72720, 72920, 73205, 73830, 73740, 74220, 74420, 74705, 75330, 75240, 75720, 75920, 80205, 80830, 80740, 81220, 81420, 81705, 82330, 82240, 82720, 82920, 83205, 83830, 83740, 84220, 84705,, 85330, 85240, 85720, 90205,, 90830, 90740, 91220, 91705,, 92330, 92240, 92720, 93205,, 93830, 93740, 94220, 94705, 95330, 95240, 95720,100205,100830,100740,101220,101705,102330,102240,102720,103205,103830,103740,104220,104705,105330,105240,105720,110205,110830,110740,111220,111705,112330,112240,112720,113205,113830,113740,114220,114705,115330,115240,115720,120205,120830,120740,121220,121705,122330,122240,122720,123205,123830,123740,124220,124705,125330,125240,125720,130205,130830,130740,131220,131705,132330,132240,132720,133205,133830,133740,134220,134705,135330,135240,135720,140205,140830,140740,141220,141705,142330,142240,142720,143205,143830,143740,144220,144705,145330,145240,145720,150205,150830,150740,151220,151705,152330,152240,152720,153205,153830,153740,154220,154705,155330,155240,155720,160205,160830,160740,161220,161705,162330,162240,162720,163205,163830,163740,164220,164705,165330,165240,165720,170205,170830,170740,171220,171420,171705,172330,172240,172720,172920,173205,173830,173740,174220,174420,174705,175330,175240,175720,175920,180205,180830,180740,181220,181420,181705,182330,182240,182720,182920,183205,183830,183740,184220,184420,184705,185330,185240,185720,185920,190205,190830,190740,191220,,191705,192330,192240,192720,193205,,193830,193740,194220,,194705,195330,195240,195720,200205,200830,200740,201220,201705,202330,202240,202720,203205,203830,203740,204220,204705,205330,205240,205720,210205,210830,210740,211220,211705,212330,212240,212720,213205,213830,213740,214220,214705,215330,215240,215720,220205,220830,220740,,,221705,222240,,223205,223825,223740,,224705,225240,230205,230740,231705,232240,233205,233740,234705,235240,,,,,,,, 60205,,, ﾚ,, ﾚ, ﾚ, ﾚ, ﾚ, ﾚ, ﾚ,,,,,,,,,,,,,,,,,,,,,,,,,,,,,,,,,,,,,,,,,,,,,,,,,,,,,,,,,,,,,,,,,,,,,,,,,,,,,,,,,,,,,,,,,, ﾚ, ﾚ, ﾚ, ﾚ, ﾚ, ﾚ, ﾚ, ﾚ, ﾚ
濱江商務區,発, ﾚ, 62205, ﾚ, 63705, ﾚ, 64720, 64920, 65205, 65825, ﾚ, 70220, 70420, 70705, 71325, ﾚ, 71720, 71920, 72205, 72830, ﾚ, 73220, 73420, 73705, 74330, ﾚ, 74720, 74920, 75205, 75830, ﾚ, 80220, 80420, 80705, 81330, ﾚ, 81720, 81920, 82205, 82830, ﾚ, 83220, 83420, 83705, 84330, ﾚ, 84720, 85205,, 85830, ﾚ, 90220, 90705,, 91330, ﾚ, 91720, 92205,, 92830, ﾚ, 93220, 93705,, 94330, ﾚ, 94720, 95205, 95830, ﾚ,100220,100705,101330, ﾚ,101720,102205,102830, ﾚ,103220,103705,104330, ﾚ,104720,105205,105830, ﾚ,110220,110705,111330, ﾚ,111720,112205,112830, ﾚ,113220,113705,114330, ﾚ,114720,115205,115830, ﾚ,120220,120705,121330, ﾚ,121720,122205,122830, ﾚ,123220,123705,124330, ﾚ,124720,125205,125830, ﾚ,130220,130705,131330, ﾚ,131720,132205,132830, ﾚ,133220,133705,134330, ﾚ,134720,135205,135830, ﾚ,140220,140705,141330, ﾚ,141720,142205,142830, ﾚ,143220,143705,144330, ﾚ,144720,145205,145830, ﾚ,150220,150705,151330, ﾚ,151720,152205,152830, ﾚ,153220,153705,154330, ﾚ,154720,155205,155830, ﾚ,160220,160705,161330, ﾚ,161720,162205,162830, ﾚ,163220,163705,164330, ﾚ,164720,165205,165830, ﾚ,170220,170705,171330, ﾚ,171720,171920,172205,172830, ﾚ,173220,173420,173705,174330, ﾚ,174720,174920,175205,175830, ﾚ,180220,180420,180705,181330, ﾚ,181720,181920,182205,182830, ﾚ,183220,183420,183705,184330, ﾚ,184720,184920,185205,185830, ﾚ,190220,190420,190705,191330, ﾚ,191720,,192205,192830, ﾚ,193220,193705,,194330, ﾚ,194720,,195205,195830, ﾚ,200220,200705,201330, ﾚ,201720,202205,202830, ﾚ,203220,203705,204330, ﾚ,204720,205205,205830, ﾚ,210220,210705,211330, ﾚ,211720,212205,212830, ﾚ,213220,213705,214330, ﾚ,214720,215205,215830, ﾚ,220220,220705,221330, ﾚ,,,222205, ﾚ,,223705,224325, ﾚ,,225205, ﾚ,230705, ﾚ,232205, ﾚ,233705, ﾚ,235205, ﾚ,,,,,,,, 60705,,, ﾚ,, ﾚ, ﾚ, ﾚ, ﾚ, ﾚ, ﾚ,,,,,,,,,,,,,,,,,,,,,,,,,,,,,,,,,,,,,,,,,,,,,,,,,,,,,,,,,,,,,,,,,,,,,,,,,,,,,,,,,,,,,,,,,, ﾚ, ﾚ, ﾚ, ﾚ, ﾚ, ﾚ, ﾚ, ﾚ, ﾚ
市民廣場,着, ﾚ, 62340, ﾚ, 63840, ﾚ, 64855, 65055, 65340, 70000, ﾚ, 70355, 70555, 70840, 71500, ﾚ, 71855, 72055, 72340, 73005, ﾚ, 73355, 73555, 73840, 74505, ﾚ, 74855, 75055, 75340, 80005, ﾚ, 80355, 80555, 80840, 81505, ﾚ, 81855, 82055, 82340, 83005, ﾚ, 83355, 83555, 83840, 84505, ﾚ, 84855, 85340,, 90005, ﾚ, 90355, 90840,, 91505, ﾚ, 91855, 92340,, 93005, ﾚ, 93355, 93840,, 94505, ﾚ, 94855, 95340,100005, ﾚ,100355,100840,101505, ﾚ,101855,102340,103005, ﾚ,103355,103840,104505, ﾚ,104855,105340,110005, ﾚ,110355,110840,111505, ﾚ,111855,112340,113005, ﾚ,113355,113840,114505, ﾚ,114855,115340,120005, ﾚ,120355,120840,121505, ﾚ,121855,122340,123005, ﾚ,123355,123840,124505, ﾚ,124855,125340,130005, ﾚ,130355,130840,131505, ﾚ,131855,132340,133005, ﾚ,133355,133840,134505, ﾚ,134855,135340,140005, ﾚ,140355,140840,141505, ﾚ,141855,142340,143005, ﾚ,143355,143840,144505, ﾚ,144855,145340,150005, ﾚ,150355,150840,151505, ﾚ,151855,152340,153005, ﾚ,153355,153840,154505, ﾚ,154855,155340,160005, ﾚ,160355,160840,161505, ﾚ,161855,162340,163005, ﾚ,163355,163840,164505, ﾚ,164855,165340,170005, ﾚ,170355,170840,171505, ﾚ,171855,172055,172340,173005, ﾚ,173355,173555,173840,174505, ﾚ,174855,175055,175340,180005, ﾚ,180355,180555,180840,181505, ﾚ,181855,182055,182340,183005, ﾚ,183355,183555,183840,184505, ﾚ,184855,185055,185340,190005, ﾚ,190355,190555,190840,191505, ﾚ,191855,,192340,193005, ﾚ,193355,193840,,194505, ﾚ,194855,,195340,200005, ﾚ,200355,200840,201505, ﾚ,201855,202340,203005, ﾚ,203355,203840,204505, ﾚ,204855,205340,210005, ﾚ,210355,210840,211505, ﾚ,211855,212340,213005, ﾚ,213355,213840,214505, ﾚ,214855,215340,220005, ﾚ,220355,220840,221505, ﾚ,,,222340, ﾚ,,223840,224500, ﾚ,,225340, ﾚ,230840, ﾚ,232340, ﾚ,233840, ﾚ,235340, ﾚ,,,,,,,, 60840,,, ﾚ,, ﾚ, ﾚ, ﾚ, ﾚ, ﾚ, ﾚ,,,,,,,,,,,,,,,,,,,,,,,,,,,,,,,,,,,,,,,,,,,,,,,,,,,,,,,,,,,,,,,,,,,,,,,,,,,,,,,,,,,,,,,,,, ﾚ, ﾚ, ﾚ, ﾚ, ﾚ, ﾚ, ﾚ, ﾚ, ﾚ
市民廣場,番線,下通線,1,下通線,1,下通線,1,1,1,1,下通線,1,1,1,1,下通線,1,1,1,1,下通線,1,1,1,1,下通線,1,1,1,1,下通線,1,1,1,1,下通線,1,1,1,1,下通線,1,1,1,1,下通線,1,1,,1,下通線,1,1,,1,下通線,1,1,,1,下通線,1,1,,1,下通線,1,1,1,下通線,1,1,1,下通線,1,1,1,下通線,1,1,1,下通線,1,1,1,下通線,1,1,1,下通線,1,1,1,下通線,1,1,1,下通線,1,1,1,下通線,1,1,1,下通線,1,1,1,下通線,1,1,1,下通線,1,1,1,下通線,1,1,1,下通線,1,1,1,下通線,1,1,1,下通線,1,1,1,下通線,1,1,1,下通線,1,1,1,下通線,1,1,1,下通線,1,1,1,下通線,1,1,1,下通線,1,1,1,下通線,1,1,1,下通線,1,1,1,下通線,1,1,1,下通線,1,1,1,下通線,1,1,1,下通線,1,1,1,下通線,1,1,1,下通線,1,1,1,1,下通線,1,1,1,1,下通線,1,1,1,1,下通線,1,1,1,1,下通線,1,1,1,1,下通線,1,1,1,1,下通線,1,1,1,1,下通線,1,1,1,1,下通線,1,,1,1,下通線,1,1,,1,下通線,1,,1,1,下通線,1,1,1,下通線,1,1,1,下通線,1,1,1,下通線,1,1,1,下通線,1,1,1,下通線,1,1,1,下通線,1,1,1,下通線,1,1,1,下通線,1,1,1,下通線,,,1,下通線,,1,1,下通線,,1,下通線,1,下通線,1,下通線,1,下通線,1,下通線,,,,,,,,1,,,下通線,,下通線,下通線,下通線,下通線,下通線,下通線,,,,,,,,,,,,,,,,,,,,,,,,,,,,,,,,,,,,,,,,,,,,,,,,,,,,,,,,,,,,,,,,,,,,,,,,,,,,,,,,,,,,,,,,,,下通線,下通線,下通線,下通線,下通線,下通線,下通線,下通線,下通線
市民廣場,発, 61130?, 62410, 62630?, 63910, 64130?, 64925, 65125, 65410, 70030, 65630?, 70425, 70625, 70910, 71530, 71130?, 71925, 72125, 72410, 73035, 72630?, 73425, 73625, 73910, 74535, 74130?, 74925, 75125, 75410, 80035, 75630?, 80425, 80625, 80910, 81535, 81130?, 81925, 82125, 82410, 83035, 82630?, 83425, 83625, 83910, 84535, 84130?, 84925, 85410,, 90035, 85630?, 90425, 90910,, 91535, 91130?, 91925, 92410,, 93035, 92630?, 93425, 93910,, 94535, 94130?, 94925, 95410,100035, 95630?,100425,100910,101535,101130?,101925,102410,103035,102630?,103425,103910,104535,104130?,104925,105410,110035,105630?,110425,110910,111535,111130?,111925,112410,113035,112630?,113425,113910,114535,114130?,114925,115410,120035,115630?,120425,120910,121535,121130?,121925,122410,123035,122630?,123425,123910,124535,124130?,124925,125410,130035,125630?,130425,130910,131535,131130?,131925,132410,133035,132630?,133425,133910,134535,134130?,134925,135410,140035,135630?,140425,140910,141535,141130?,141925,142410,143035,142630?,143425,143910,144535,144130?,144925,145410,150035,145630?,150425,150910,151535,151130?,151925,152410,153035,152630?,153425,153910,154535,154130?,154925,155410,160035,155630?,160425,160910,161535,161130?,161925,162410,163035,162630?,163425,163910,164535,164130?,164925,165410,170035,165630?,170425,170910,171535,171130?,171925,172125,172410,173035,172630?,173425,173625,173910,174535,174130?,174925,175125,175410,180035,175630?,180425,180625,180910,181535,181130?,181925,182125,182410,183035,182630?,183425,183625,183910,184535,184130?,184925,185125,185410,190035,185630?,190425,190625,190910,191535,191130?,191925,,192410,193035,192630?,193425,193910,,194535,194130?,194925,,195410,200035,195630?,200425,200910,201535,201130?,201925,202410,203035,202630?,203425,203910,204535,204130?,204925,205410,210035,205630?,210425,210910,211535,211130?,211925,212410,213035,212630?,213425,213910,214535,214130?,214925,215410,220035,215630?,220425,220910,221535,221130?,,,222410,222630?,,223910,224530,224130?,,225410,225630?,230910,231130?,232410,232630?,233910,234130?,235410,235630?,,,,,,,, 60910,,, ﾚ,, ﾚ, ﾚ, ﾚ, ﾚ, ﾚ, ﾚ,,,,,,,,,,,,,,,,,,,,,,,,,,,,,,,,,,,,,,,,,,,,,,,,,,,,,,,,,,,,,,,,,,,,,,,,,,,,,,,,,,,,,,,,,, ﾚ, ﾚ, ﾚ, ﾚ, ﾚ, ﾚ, ﾚ, ﾚ, ﾚ
文化中心,発, ﾚ, 62605, ﾚ, 64105, ﾚ, 65120, 65320, 65605, 70225, ﾚ, 70620, 70820, 71105, 71725, ﾚ, 72120, 72320, 72605, 73230, ﾚ, 73620, 73820, 74105, 74730, ﾚ, 75120, 75320, 75605, 80230, ﾚ, 80620, 80820, 81105, 81730, ﾚ, 82120, 82320, 82605, 83230, ﾚ, 83620, 83820, 84105, 84730, ﾚ, 85120, 85605,, 90230, ﾚ, 90620, 91105,, 91730, ﾚ, 92120, 92605,, 93230, ﾚ, 93620, 94105,, 94730, ﾚ, 95120, 95605,100230, ﾚ,100620,101105,101730, ﾚ,102120,102605,103230, ﾚ,103620,104105,104730, ﾚ,105120,105605,110230, ﾚ,110620,111105,111730, ﾚ,112120,112605,113230, ﾚ,113620,114105,114730, ﾚ,115120,115605,120230, ﾚ,120620,121105,121730, ﾚ,122120,122605,123230, ﾚ,123620,124105,124730, ﾚ,125120,125605,130230, ﾚ,130620,131105,131730, ﾚ,132120,132605,133230, ﾚ,133620,134105,134730, ﾚ,135120,135605,140230, ﾚ,140620,141105,141730, ﾚ,142120,142605,143230, ﾚ,143620,144105,144730, ﾚ,145120,145605,150230, ﾚ,150620,151105,151730, ﾚ,152120,152605,153230, ﾚ,153620,154105,154730, ﾚ,155120,155605,160230, ﾚ,160620,161105,161730, ﾚ,162120,162605,163230, ﾚ,163620,164105,164730, ﾚ,165120,165605,170230, ﾚ,170620,171105,171730, ﾚ,172120,172320,172605,173230, ﾚ,173620,173820,174105,174730, ﾚ,175120,175320,175605,180230, ﾚ,180620,180820,181105,181730, ﾚ,182120,182320,182605,183230, ﾚ,183620,183820,184105,184730, ﾚ,185120,185320,185605,190230, ﾚ,190620,190820,191105,191730, ﾚ,192120,,192605,193230, ﾚ,193620,194105,,194730, ﾚ,195120,,195605,200230, ﾚ,200620,201105,201730, ﾚ,202120,202605,203230, ﾚ,203620,204105,204730, ﾚ,205120,205605,210230, ﾚ,210620,211105,211730, ﾚ,212120,212605,213230, ﾚ,213620,214105,214730, ﾚ,215120,215605,220230, ﾚ,220620,221105,221730, ﾚ,,,222605, ﾚ,,224105,224725, ﾚ,,225605, ﾚ,231105, ﾚ,232605, ﾚ,234105, ﾚ,235605, ﾚ,,,,,,,, 61105,,, ﾚ,, ﾚ, ﾚ, ﾚ, ﾚ, ﾚ, ﾚ,,,,,,,,,,,,,,,,,,,,,,,,,,,,,,,,,,,,,,,,,,,,,,,,,,,,,,,,,,,,,,,,,,,,,,,,,,,,,,,,,,,,,,,,,, ﾚ, ﾚ, ﾚ, ﾚ, ﾚ, ﾚ, ﾚ, ﾚ, ﾚ
飛灣新站,着, 61340, 62755, 62840, 64255, 64340, 65310, 65510, 65755, 70415, 65840, 70810, 71010, 71255, 71915, 71340, 72310, 72510, 72755, 73420, 72840, 73810, 74010, 74255, 74920, 74340, 75310, 75510, 75755, 80420, 75840, 80810, 81010, 81255, 81920, 81340, 82310, 82510, 82755, 83420, 82840, 83810, 84010, 84255, 84920, 84340, 85310, 85755,, 90420, 85840, 90810, 91255,, 91920, 91340, 92310, 92755,, 93420, 92840, 93810, 94255,, 94920, 94340, 95310, 95755,100420, 95840,100810,101255,101920,101340,102310,102755,103420,102840,103810,104255,104920,104340,105310,105755,110420,105840,110810,111255,111920,111340,112310,112755,113420,112840,113810,114255,114920,114340,115310,115755,120420,115840,120810,121255,121920,121340,122310,122755,123420,122840,123810,124255,124920,124340,125310,125755,130420,125840,130810,131255,131920,131340,132310,132755,133420,132840,133810,134255,134920,134340,135310,135755,140420,135840,140810,141255,141920,141340,142310,142755,143420,142840,143810,144255,144920,144340,145310,145755,150420,145840,150810,151255,151920,151340,152310,152755,153420,152840,153810,154255,154920,154340,155310,155755,160420,155840,160810,161255,161920,161340,162310,162755,163420,162840,163810,164255,164920,164340,165310,165755,170420,165840,170810,171255,171920,171340,172310,172510,172755,173420,172840,173810,174010,174255,174920,174340,175310,175510,175755,180420,175840,180810,181010,181255,181920,181340,182310,182510,182755,183420,182840,183810,184010,184255,184920,184340,185310,185510,185755,190420,185840,190810,191010,191255,191920,191340,192310,,192755,193420,192840,193810,194255,,194920,194340,195310,,195755,200420,195840,200810,201255,201920,201340,202310,202755,203420,202840,203810,204255,204920,204340,205310,205755,210420,205840,210810,211255,211920,211340,212310,212755,213420,212840,213810,214255,214920,214340,215310,215755,220420,215840,220810,221255,221920,221340,,,222755,222840,,224255,224915,224340,,225755,225840,231255,231340,232755,232840,234255,234340,235755,235840,,,,,,,, 61255,,, ﾚ,, ﾚ, ﾚ, ﾚ, ﾚ, ﾚ, ﾚ,,,,,,,,,,,,,,,,,,,,,,,,,,,,,,,,,,,,,,,,,,,,,,,,,,,,,,,,,,,,,,,,,,,,,,,,,,,,,,,,,,,,,,,,,, 54700, 55000, 55500, 55800, ﾚ, ﾚ, ﾚ, ﾚ, ﾚ
飛灣新站,番線,2,1,2,1,2,1,1,1,1,2,1,1,1,1,2,1,1,1,1,2,1,1,1,1,2,1,1,1,1,2,1,1,1,1,2,1,1,1,1,2,1,1,1,1,2,1,1,,1,2,1,1,,1,2,1,1,,1,2,1,1,,1,2,1,1,1,2,1,1,1,2,1,1,1,2,1,1,1,2,1,1,1,2,1,1,1,2,1,1,1,2,1,1,1,2,1,1,1,2,1,1,1,2,1,1,1,2,1,1,1,2,1,1,1,2,1,1,1,2,1,1,1,2,1,1,1,2,1,1,1,2,1,1,1,2,1,1,1,2,1,1,1,2,1,1,1,2,1,1,1,2,1,1,1,2,1,1,1,2,1,1,1,2,1,1,1,2,1,1,1,2,1,1,1,2,1,1,1,2,1,1,1,2,1,1,1,1,2,1,1,1,1,2,1,1,1,1,2,1,1,1,1,2,1,1,1,1,2,1,1,1,1,2,1,1,1,1,2,1,1,1,1,2,1,,1,1,2,1,1,,1,2,1,,1,1,2,1,1,1,2,1,1,1,2,1,1,1,2,1,1,1,2,1,1,1,2,1,1,1,2,1,1,1,2,1,1,1,2,1,1,1,2,,,1,2,,1,1,2,,1,2,1,2,1,2,1,2,1,2,,,,,,,1,1,,2,2,,2,2,2,2,2,2,,,,,,,,,,,,,,,,,,,,,,,,,,,,,,,,,,,,,,,,,,,,,,,,,,,,,,,,,,,,,,,,,,,,,,,,,,,,,,,,,,,,,,,,,,1,4,2,3,2,2,2,2,2
飛灣新站,発, 61440, 63025, 62940, 64525, 64440, 65410, 65610, 70055, 70515, 65940, 70910, 71110, 71555, 72015, 71440, 72410, 72610, 73055, 73520, 72940, 73910, 74110, 74555, 75020, 74440, 75410, 75610, 80055, 80520, 75940, 80910, 81110, 81555, 82020, 81440, 82410, 82610, 83055, 83520, 82940, 83910, 84110, 84555, 85020, 84440, 85410, 90025,, 90520, 85940, 90910, 91525,, 92020, 91440, 92410, 93025,, 93520, 92940, 93910, 94525,, 95020, 94440, 95410,100025,100520, 95940,100910,101525,102020,101440,102410,103025,103520,102940,103910,104525,105020,104440,105410,110025,110520,105940,110910,111525,112020,111440,112410,113025,113520,112940,113910,114525,115020,114440,115410,120025,120520,115940,120910,121525,122020,121440,122410,123025,123520,122940,123910,124525,125020,124440,125410,130025,130520,125940,130910,131525,132020,131440,132410,133025,133520,132940,133910,134525,135020,134440,135410,140025,140520,135940,140910,141525,142020,141440,142410,143025,143520,142940,143910,144525,145020,144440,145410,150025,150520,145940,150910,151525,152020,151440,152410,153025,153520,152940,153910,154525,155020,154440,155410,160025,160520,155940,160910,161525,162020,161440,162410,163025,163520,162940,163910,164525,165020,164440,165410,170025,170520,165940,170910,171525,172020,171440,172410,172610,173055,173520,172940,173910,174110,174555,175020,174440,175410,175610,180055,180520,175940,180910,181110,181555,182020,181440,182410,182610,183055,183520,182940,183910,184110,184555,185020,184440,185410,185610,190055,190520,185940,190910,191110,191555,192020,191440,192410,,193025,193520,192940,193910,194525,,195020,194440,195410,,200025,200520,195940,200910,201525,202020,201440,202410,203025,203520,202940,203910,204525,205020,204440,205410,210025,210520,205940,210910,211525,212020,211440,212410,213025,213520,212940,213910,214525,215020,214440,215410,220025,220520,215940,220910,221525,222020,221440,,,223025,222940,,224525,225115,224440,,230025,225940,231525,231440,233025,232940,234525,234440,,,,,,,,, 55145, 61525,, 55940, ﾚ,, ﾚ, ﾚ, ﾚ, ﾚ, ﾚ, ﾚ,,,,,,,,,,,,,,,,,,,,,,,,,,,,,,,,,,,,,,,,,,,,,,,,,,,,,,,,,,,,,,,,,,,,,,,,,,,,,,,,,,,,,,,,,,,,,, ﾚ, ﾚ, ﾚ, ﾚ, ﾚ
科創園,着, ﾚ, 63235, ﾚ, 64735, ﾚ, 65620, 65820, 70305, 70725, ﾚ, 71120, 71320, 71805, 72225, ﾚ, 72620, 72820, 73305, 73730, ﾚ, 74120, 74320, 74805, 75230, ﾚ, 75620, 75820, 80305, 80730, ﾚ, 81120, 81320, 81805, 82230, ﾚ, 82620, 82820, 83305, 83730, ﾚ, 84120, 84320, 84805, 85230, ﾚ, 85620, 90235,, 90730, ﾚ, 91120, 91735,, 92230, ﾚ, 92620, 93235,, 93730, ﾚ, 94120, 94735,, 95230, ﾚ, 95620,100235,100730, ﾚ,101120,101735,102230, ﾚ,102620,103235,103730, ﾚ,104120,104735,105230, ﾚ,105620,110235,110730, ﾚ,111120,111735,112230, ﾚ,112620,113235,113730, ﾚ,114120,114735,115230, ﾚ,115620,120235,120730, ﾚ,121120,121735,122230, ﾚ,122620,123235,123730, ﾚ,124120,124735,125230, ﾚ,125620,130235,130730, ﾚ,131120,131735,132230, ﾚ,132620,133235,133730, ﾚ,134120,134735,135230, ﾚ,135620,140235,140730, ﾚ,141120,141735,142230, ﾚ,142620,143235,143730, ﾚ,144120,144735,145230, ﾚ,145620,150235,150730, ﾚ,151120,151735,152230, ﾚ,152620,153235,153730, ﾚ,154120,154735,155230, ﾚ,155620,160235,160730, ﾚ,161120,161735,162230, ﾚ,162620,163235,163730, ﾚ,164120,164735,165230, ﾚ,165620,170235,170730, ﾚ,171120,171735,172230, ﾚ,172620,172820,173305,173730, ﾚ,174120,174320,174805,175230, ﾚ,175620,175820,180305,180730, ﾚ,181120,181320,181805,182230, ﾚ,182620,182820,183305,183730, ﾚ,184120,184320,184805,185230, ﾚ,185620,185820,190305,190730, ﾚ,191120,191320,191805,192230, ﾚ,192620,,193235,193730, ﾚ,194120,194735,,195230, ﾚ,195620,,200235,200730, ﾚ,201120,201735,202230, ﾚ,202620,203235,203730, ﾚ,204120,204735,205230, ﾚ,205620,210235,210730, ﾚ,211120,211735,212230, ﾚ,212620,213235,213730, ﾚ,214120,214735,215230, ﾚ,215620,220235,220730, ﾚ,221120,221735,222230, ﾚ,,,223235, ﾚ,,224735,225325, ﾚ,,230235, ﾚ,231735, ﾚ,233235, ﾚ,234735, ﾚ,,,,,,,,, 55355, 61735,, ﾚ, ﾚ,, ﾚ, ﾚ, ﾚ, ﾚ, ﾚ, ﾚ,,,,,,,,,,,,,,,,,,,,,,,,,,,,,,,,,,,,,,,,,,,,,,,,,,,,,,,,,,,,,,,,,,,,,,,,,,,,,,,,,,,,,,,,,,,,,, ﾚ, ﾚ, ﾚ, ﾚ, ﾚ
科創園,番線,下通線,1,下通線,1,下通線,1,1,1,1,下通線,1,1,1,1,下通線,1,1,1,1,下通線,1,1,1,1,下通線,1,1,1,1,下通線,1,1,1,1,下通線,1,1,1,1,下通線,1,1,1,1,下通線,1,1,,1,下通線,1,1,,1,下通線,1,1,,1,下通線,1,1,,1,下通線,1,1,1,下通線,1,1,1,下通線,1,1,1,下通線,1,1,1,下通線,1,1,1,下通線,1,1,1,下通線,1,1,1,下通線,1,1,1,下通線,1,1,1,下通線,1,1,1,下通線,1,1,1,下通線,1,1,1,下通線,1,1,1,下通線,1,1,1,下通線,1,1,1,下通線,1,1,1,下通線,1,1,1,下通線,1,1,1,下通線,1,1,1,下通線,1,1,1,下通線,1,1,1,下通線,1,1,1,下通線,1,1,1,下通線,1,1,1,下通線,1,1,1,下通線,1,1,1,下通線,1,1,1,下通線,1,1,1,下通線,1,1,1,下通線,1,1,1,下通線,1,1,1,1,下通線,1,1,1,1,下通線,1,1,1,1,下通線,1,1,1,1,下通線,1,1,1,1,下通線,1,1,1,1,下通線,1,1,1,1,下通線,1,1,1,1,下通線,1,,1,1,下通線,1,1,,1,下通線,1,,1,1,下通線,1,1,1,下通線,1,1,1,下通線,1,1,1,下通線,1,1,1,下通線,1,1,1,下通線,1,1,1,下通線,1,1,1,下通線,1,1,1,下通線,1,1,1,下通線,,,1,下通線,,1,1,下通線,,1,下通線,1,下通線,1,下通線,1,下通線,,,,,,,,,1,1,,下通線,下通線,,下通線,下通線,下通線,下通線,下通線,下通線,,,,,,,,,,,,,,,,,,,,,,,,,,,,,,,,,,,,,,,,,,,,,,,,,,,,,,,,,,,,,,,,,,,,,,,,,,,,,,,,,,,,,,,,,,,,,,下通線,下通線,下通線,下通線,下通線
科創園,発, 61615?, 63305, 63115?, 64805, 64615?, 65650, 70200, 70335, 70755, 70115?, 71150, 71700, 71835, 72255, 71615?, 72650, 73200, 73335, 73800, 73115?, 74150, 74700, 74835, 75300, 74615?, 75650, 80200, 80335, 80800, 80115?, 81150, 81700, 81835, 82300, 81615?, 82650, 83200, 83335, 83800, 83115?, 84150, 84700, 84835, 85300, 84615?, 85650, 90305,, 90800, 90115?, 91150, 91805,, 92300, 91615?, 92650, 93305,, 93800, 93115?, 94150, 94805,, 95300, 94615?, 95650,100305,100800,100115?,101150,101805,102300,101615?,102650,103305,103800,103115?,104150,104805,105300,104615?,105650,110305,110800,110115?,111150,111805,112300,111615?,112650,113305,113800,113115?,114150,114805,115300,114615?,115650,120305,120800,120115?,121150,121805,122300,121615?,122650,123305,123800,123115?,124150,124805,125300,124615?,125650,130305,130800,130115?,131150,131805,132300,131615?,132650,133305,133800,133115?,134150,134805,135300,134615?,135650,140305,140800,140115?,141150,141805,142300,141615?,142650,143305,143800,143115?,144150,144805,145300,144615?,145650,150305,150800,150115?,151150,151805,152300,151615?,152650,153305,153800,153115?,154150,154805,155300,154615?,155650,160305,160800,160115?,161150,161805,162300,161615?,162650,163305,163800,163115?,164150,164805,165300,164615?,165650,170305,170800,170115?,171150,171805,172300,171615?,172650,173200,173335,173800,173115?,174150,174700,174835,175300,174615?,175650,180200,180335,180800,180115?,181150,181700,181835,182300,181615?,182650,183200,183335,183800,183115?,184150,184700,184835,185300,184615?,185650,190200,190335,190800,190115?,191150,191700,191835,192300,191615?,192650,,193305,193800,193115?,194150,194805,,195300,194615?,195650,,200305,200800,200115?,201150,201805,202300,201615?,202650,203305,203800,203115?,204150,204805,205300,204615?,205650,210305,210800,210115?,211150,211805,212300,211615?,212650,213305,213800,213115?,214150,214805,215300,214615?,215650,220305,220800,220115?,221150,221805,222300,221615?,,,223305,223115?,,224805,225355,224615?,,230305,230115?,231805,231615?,233305,233115?,234805,234615?,,,,,,,,, 55425, 61805,, 60115?, ﾚ,, ﾚ, ﾚ, ﾚ, ﾚ, ﾚ, ﾚ,,,,,,,,,,,,,,,,,,,,,,,,,,,,,,,,,,,,,,,,,,,,,,,,,,,,,,,,,,,,,,,,,,,,,,,,,,,,,,,,,,,,,,,,,,,,,, ﾚ, ﾚ, ﾚ, ﾚ, ﾚ
飛灣學區,発, ﾚ, 63500, ﾚ, 65000, ﾚ, 65845, 70355, 70530, 70950, ﾚ, 71345, 71855, 72030, 72450, ﾚ, 72845, 73355, 73530, 73955, ﾚ, 74345, 74855, 75030, 75455, ﾚ, 75845, 80355, 80530, 80955, ﾚ, 81345, 81855, 82030, 82455, ﾚ, 82845, 83355, 83530, 83955, ﾚ, 84345, 84855, 85030, 85455, ﾚ, 85845, 90500,, 90955, ﾚ, 91345, 92000,, 92455, ﾚ, 92845, 93500,, 93955, ﾚ, 94345, 95000,, 95455, ﾚ, 95845,100500,100955, ﾚ,101345,102000,102455, ﾚ,102845,103500,103955, ﾚ,104345,105000,105455, ﾚ,105845,110500,110955, ﾚ,111345,112000,112455, ﾚ,112845,113500,113955, ﾚ,114345,115000,115455, ﾚ,115845,120500,120955, ﾚ,121345,122000,122455, ﾚ,122845,123500,123955, ﾚ,124345,125000,125455, ﾚ,125845,130500,130955, ﾚ,131345,132000,132455, ﾚ,132845,133500,133955, ﾚ,134345,135000,135455, ﾚ,135845,140500,140955, ﾚ,141345,142000,142455, ﾚ,142845,143500,143955, ﾚ,144345,145000,145455, ﾚ,145845,150500,150955, ﾚ,151345,152000,152455, ﾚ,152845,153500,153955, ﾚ,154345,155000,155455, ﾚ,155845,160500,160955, ﾚ,161345,162000,162455, ﾚ,162845,163500,163955, ﾚ,164345,165000,165455, ﾚ,165845,170500,170955, ﾚ,171345,172000,172455, ﾚ,172845,173355,173530,173955, ﾚ,174345,174855,175030,175455, ﾚ,175845,180355,180530,180955, ﾚ,181345,181855,182030,182455, ﾚ,182845,183355,183530,183955, ﾚ,184345,184855,185030,185455, ﾚ,185845,190355,190530,190955, ﾚ,191345,191855,192030,192455, ﾚ,192845,,193500,193955, ﾚ,194345,195000,,195455, ﾚ,195845,,200500,200955, ﾚ,201345,202000,202455, ﾚ,202845,203500,203955, ﾚ,204345,205000,205455, ﾚ,205845,210500,210955, ﾚ,211345,212000,212455, ﾚ,212845,213500,213955, ﾚ,214345,215000,215455, ﾚ,215845,220500,220955, ﾚ,221345,222000,222455, ﾚ,,,223500, ﾚ,,225000,225550, ﾚ,,230500, ﾚ,232000, ﾚ,233500, ﾚ,235000, ﾚ,,,,,,,,, 55620, 62000,, ﾚ, ﾚ,, ﾚ, ﾚ, ﾚ, ﾚ, ﾚ, ﾚ,,,,,,,,,,,,,,,,,,,,,,,,,,,,,,,,,,,,,,,,,,,,,,,,,,,,,,,,,,,,,,,,,,,,,,,,,,,,,,,,,,,,,,,,,,,,,, ﾚ, ﾚ, ﾚ, ﾚ, ﾚ
飛灣大道,発, ﾚ, 63700, ﾚ, 65200, ﾚ, 70045, 70555, 70730, 71150, ﾚ, 71545, 72055, 72230, 72650, ﾚ, 73045, 73555, 73730, 74155, ﾚ, 74545, 75055, 75230, 75655, ﾚ, 80045, 80555, 80730, 81155, ﾚ, 81545, 82055, 82230, 82655, ﾚ, 83045, 83555, 83730, 84155, ﾚ, 84545, 85055, 85230, 85655, ﾚ, 90045, 90700,, 91155, ﾚ, 91545, 92200,, 92655, ﾚ, 93045, 93700,, 94155, ﾚ, 94545, 95200,, 95655, ﾚ,100045,100700,101155, ﾚ,101545,102200,102655, ﾚ,103045,103700,104155, ﾚ,104545,105200,105655, ﾚ,110045,110700,111155, ﾚ,111545,112200,112655, ﾚ,113045,113700,114155, ﾚ,114545,115200,115655, ﾚ,120045,120700,121155, ﾚ,121545,122200,122655, ﾚ,123045,123700,124155, ﾚ,124545,125200,125655, ﾚ,130045,130700,131155, ﾚ,131545,132200,132655, ﾚ,133045,133700,134155, ﾚ,134545,135200,135655, ﾚ,140045,140700,141155, ﾚ,141545,142200,142655, ﾚ,143045,143700,144155, ﾚ,144545,145200,145655, ﾚ,150045,150700,151155, ﾚ,151545,152200,152655, ﾚ,153045,153700,154155, ﾚ,154545,155200,155655, ﾚ,160045,160700,161155, ﾚ,161545,162200,162655, ﾚ,163045,163700,164155, ﾚ,164545,165200,165655, ﾚ,170045,170700,171155, ﾚ,171545,172200,172655, ﾚ,173045,173555,173730,174155, ﾚ,174545,175055,175230,175655, ﾚ,180045,180555,180730,181155, ﾚ,181545,182055,182230,182655, ﾚ,183045,183555,183730,184155, ﾚ,184545,185055,185230,185655, ﾚ,190045,190555,190730,191155, ﾚ,191545,192055,192230,192655, ﾚ,193045,,193700,194155, ﾚ,194545,195200,,195655, ﾚ,200045,,200700,201155, ﾚ,201545,202200,202655, ﾚ,203045,203700,204155, ﾚ,204545,205200,205655, ﾚ,210045,210700,211155, ﾚ,211545,212200,212655, ﾚ,213045,213700,214155, ﾚ,214545,215200,215655, ﾚ,220045,220700,221155, ﾚ,221545,222200,222655, ﾚ,,,223700, ﾚ,,225200,225750, ﾚ,,230700, ﾚ,232200, ﾚ,233700, ﾚ,235200, ﾚ,,,,,,,,, 55820, 62200,, ﾚ, ﾚ,, ﾚ, ﾚ, ﾚ, ﾚ, ﾚ, ﾚ,,,,,,,,,,,,,,,,,,,,,,,,,,,,,,,,,,,,,,,,,,,,,,,,,,,,,,,,,,,,,,,,,,,,,,,,,,,,,,,,,,,,,,,,,,,,,, ﾚ, ﾚ, ﾚ, ﾚ, ﾚ
飛灣公園,着, 62035, 64030, 63535, 65530, 65035, 70430, 70925, 71100, 71535, 70535, 71930, 72425, 72600, 73035, 72035, 73430, 73925, 74100, 74540, 73535, 74930, 75425, 75600, 80040, 75035, 80430, 80925, 81100, 81540, 80535, 81930, 82425, 82600, 83040, 82035, 83430, 83925, 84100, 84540, 83535, 84930, 85425, 85600, 90040, 85035, 90430, 91030,, 91540, 90535, 91930, 92530,, 93040, 92035, 93430, 94030,, 94540, 93535, 94930, 95530,,100040, 95035,100430,101030,101540,100535,101930,102530,103040,102035,103430,104030,104540,103535,104930,105530,110040,105035,110430,111030,111540,110535,111930,112530,113040,112035,113430,114030,114540,113535,114930,115530,120040,115035,120430,121030,121540,120535,121930,122530,123040,122035,123430,124030,124540,123535,124930,125530,130040,125035,130430,131030,131540,130535,131930,132530,133040,132035,133430,134030,134540,133535,134930,135530,140040,135035,140430,141030,141540,140535,141930,142530,143040,142035,143430,144030,144540,143535,144930,145530,150040,145035,150430,151030,151540,150535,151930,152530,153040,152035,153430,154030,154540,153535,154930,155530,160040,155035,160430,161030,161540,160535,161930,162530,163040,162035,163430,164030,164540,163535,164930,165530,170040,165035,170430,171030,171540,170535,171930,172530,173040,172035,173430,173925,174100,174540,173535,174930,175425,175600,180040,175035,180430,180925,181100,181540,180535,181930,182425,182600,183040,182035,183430,183925,184100,184540,183535,184930,185425,185600,190040,185035,190430,190925,191100,191540,190535,191930,192425,192600,193040,192035,193430,,194030,194540,193535,194930,195530,,200040,195035,200430,,201030,201540,200535,201930,202530,203040,202035,203430,204030,204540,203535,204930,205530,210040,205035,210430,211030,211540,210535,211930,212530,213040,212035,213430,214030,214540,213535,214930,215530,220040,215035,220430,221030,221540,220535,221930,222530,223040,222035,,,224030,223535,,225530,230120,225035,,231030,230535,232530,232035,234030,233535,235530,235035,,,,,,,,, 60150, 62530,, 60535, ﾚ,, ﾚ, ﾚ, ﾚ, ﾚ, ﾚ, ﾚ,,,,,,,,,,,,,,,,,,,,,,,,,,,,,,,,,,,,,,,,,,,,,,,,,,,,,,,,,,,,,,,,,,,,,,,,,,,,,,,,,,,,,,,,,,,,,, 55055, 62900, 63200, 64700, 65900
飛灣公園,番線,2,1,2,1,2,1,2,1,4,2,1,2,1,4,2,1,2,1,4,2,1,2,1,4,2,1,2,1,4,2,1,2,1,4,2,1,2,1,4,2,1,2,1,4,2,1,1,,4,2,1,1,,4,2,1,1,,4,2,1,1,,4,2,1,1,4,2,1,1,4,2,1,1,4,2,1,1,4,2,1,1,4,2,1,1,4,2,1,1,4,2,1,1,4,2,1,1,4,2,1,1,4,2,1,1,4,2,1,1,4,2,1,1,4,2,1,1,4,2,1,1,4,2,1,1,4,2,1,1,4,2,1,1,4,2,1,1,4,2,1,1,4,2,1,1,4,2,1,1,4,2,1,1,4,2,1,1,4,2,1,1,4,2,1,1,4,2,1,1,4,2,1,1,4,2,1,1,4,2,1,1,4,2,1,2,1,4,2,1,2,1,4,2,1,2,1,4,2,1,2,1,4,2,1,2,1,4,2,1,2,1,4,2,1,2,1,4,2,1,2,1,4,2,1,,1,4,2,1,1,,4,2,1,,1,4,2,1,1,4,2,1,1,4,2,1,1,4,2,1,1,4,2,1,1,4,2,1,1,4,2,1,1,4,2,1,1,4,2,1,1,4,2,,,1,2,,1,1,2,,1,2,1,2,1,2,1,2,,,,,,,,,1,1,,2,2,,2,2,2,2,2,2,,,,,,,,,,,,,,,,,,,,,,,,,,,,,,,,,,,,,,,,,,,,,,,,,,,,,,,,,,,,,,,,,,,,,,,,,,,,,,,,,,,,,,,,,,,,,,4,4,帶狀,帶狀,4
飛灣公園,発, 62135, 64130, 63635, 65630, 65135,, 71025, 71145,, 70635,, 72525, 72645,, 72135,, 74025, 74145,, 73635,, 75525, 75645,, 75135,, 81025, 81145,, 80635,, 82525, 82645,, 82135,, 84025, 84145,, 83635,, 85525, 85645,, 85135,, 91130,,, 90635,, 92630,,, 92135,, 94130,,, 93635,, 95630,,, 95135,,101130,,100635,,102630,,102135,,104130,,103635,,105630,,105135,,111130,,110635,,112630,,112135,,114130,,113635,,115630,,115135,,121130,,120635,,122630,,122135,,124130,,123635,,125630,,125135,,131130,,130635,,132630,,132135,,134130,,133635,,135630,,135135,,141130,,140635,,142630,,142135,,144130,,143635,,145630,,145135,,151130,,150635,,152630,,152135,,154130,,153635,,155630,,155135,,161130,,160635,,162630,,162135,,164130,,163635,,165630,,165135,,171130,,170635,,172630,,172135,,174025,174145,,173635,,175525,175645,,175135,,181025,181145,,180635,,182525,182645,,182135,,184025,184145,,183635,,185525,185645,,185135,,191025,191145,,190635,,192525,192645,,192135,,,194130,,193635,,195630,,,195135,,,201130,,200635,,202630,,202135,,204130,,203635,,205630,,205135,,211130,,210635,,212630,,212135,,214130,,213635,,215630,,215135,,221130,,220635,,222630,,222135,,,224130,223635,,225630,230250,225135,,231130,230635,232630,232135,234130,233635,235630,235135,,,,,,,,, 60250, 62630,, 60635, ﾚ,, ﾚ, ﾚ, ﾚ, ﾚ, ﾚ, ﾚ,,,,,,,,,,,,,,,,,,,,,,,,,,,,,,,,,,,,,,,,,,,,,,,,,,,,,,,,,,,,,,,,,,,,,,,,,,,,,,,,,,,,,,,,,,,,,,,,,,
錦湖,発, ﾚ, 64340, ﾚ, 65840, ﾚ,, ﾚ, 71355,, ﾚ,, ﾚ, 72855,, ﾚ,, ﾚ, 74355,, ﾚ,, ﾚ, 75855,, ﾚ,, ﾚ, 81355,, ﾚ,, ﾚ, 82855,, ﾚ,, ﾚ, 84355,, ﾚ,, ﾚ, 85855,, ﾚ,, 91340,,, ﾚ,, 92840,,, ﾚ,, 94340,,, ﾚ,, 95840,,, ﾚ,,101340,, ﾚ,,102840,, ﾚ,,104340,, ﾚ,,105840,, ﾚ,,111340,, ﾚ,,112840,, ﾚ,,114340,, ﾚ,,115840,, ﾚ,,121340,, ﾚ,,122840,, ﾚ,,124340,, ﾚ,,125840,, ﾚ,,131340,, ﾚ,,132840,, ﾚ,,134340,, ﾚ,,135840,, ﾚ,,141340,, ﾚ,,142840,, ﾚ,,144340,, ﾚ,,145840,, ﾚ,,151340,, ﾚ,,152840,, ﾚ,,154340,, ﾚ,,155840,, ﾚ,,161340,, ﾚ,,162840,, ﾚ,,164340,, ﾚ,,165840,, ﾚ,,171340,, ﾚ,,172840,, ﾚ,, ﾚ,174355,, ﾚ,, ﾚ,175855,, ﾚ,, ﾚ,181355,, ﾚ,, ﾚ,182855,, ﾚ,, ﾚ,184355,, ﾚ,, ﾚ,185855,, ﾚ,, ﾚ,191355,, ﾚ,, ﾚ,192855,, ﾚ,,,194340,, ﾚ,,195840,,, ﾚ,,,201340,, ﾚ,,202840,, ﾚ,,204340,, ﾚ,,205840,, ﾚ,,211340,, ﾚ,,212840,, ﾚ,,214340,, ﾚ,,215840,, ﾚ,,221340,, ﾚ,,222840,, ﾚ,,,224340, ﾚ,,225840,230500, ﾚ,,231340, ﾚ,232840, ﾚ,234340, ﾚ,235840, ﾚ,,,,,,,,, 60500, 62840,, ﾚ, ﾚ,, ﾚ, ﾚ, ﾚ, ﾚ, ﾚ, ﾚ,,,,,,,,,,,,,,,,,,,,,,,,,,,,,,,,,,,,,,,,,,,,,,,,,,,,,,,,,,,,,,,,,,,,,,,,,,,,,,,,,,,,,,,,,,,,,,,,,,
鷺島,発, ﾚ, 64500, ﾚ, 70000, ﾚ,, ﾚ, 71515,, ﾚ,, ﾚ, 73015,, ﾚ,, ﾚ, 74515,, ﾚ,, ﾚ, 80015,, ﾚ,, ﾚ, 81515,, ﾚ,, ﾚ, 83015,, ﾚ,, ﾚ, 84515,, ﾚ,, ﾚ, 90015,, ﾚ,, 91500,,, ﾚ,, 93000,,, ﾚ,, 94500,,, ﾚ,,100000,,, ﾚ,,101500,, ﾚ,,103000,, ﾚ,,104500,, ﾚ,,110000,, ﾚ,,111500,, ﾚ,,113000,, ﾚ,,114500,, ﾚ,,120000,, ﾚ,,121500,, ﾚ,,123000,, ﾚ,,124500,, ﾚ,,130000,, ﾚ,,131500,, ﾚ,,133000,, ﾚ,,134500,, ﾚ,,140000,, ﾚ,,141500,, ﾚ,,143000,, ﾚ,,144500,, ﾚ,,150000,, ﾚ,,151500,, ﾚ,,153000,, ﾚ,,154500,, ﾚ,,160000,, ﾚ,,161500,, ﾚ,,163000,, ﾚ,,164500,, ﾚ,,170000,, ﾚ,,171500,, ﾚ,,173000,, ﾚ,, ﾚ,174515,, ﾚ,, ﾚ,180015,, ﾚ,, ﾚ,181515,, ﾚ,, ﾚ,183015,, ﾚ,, ﾚ,184515,, ﾚ,, ﾚ,190015,, ﾚ,, ﾚ,191515,, ﾚ,, ﾚ,193015,, ﾚ,,,194500,, ﾚ,,200000,,, ﾚ,,,201500,, ﾚ,,203000,, ﾚ,,204500,, ﾚ,,210000,, ﾚ,,211500,, ﾚ,,213000,, ﾚ,,214500,, ﾚ,,220000,, ﾚ,,221500,, ﾚ,,223000,, ﾚ,,,224500, ﾚ,,230000,230620, ﾚ,,231500, ﾚ,233000, ﾚ,234500, ﾚ, 00000, ﾚ,,,,,,,,, 60620, 63000,, ﾚ, ﾚ,, ﾚ, ﾚ, ﾚ, ﾚ, ﾚ, ﾚ,,,,,,,,,,,,,,,,,,,,,,,,,,,,,,,,,,,,,,,,,,,,,,,,,,,,,,,,,,,,,,,,,,,,,,,,,,,,,,,,,,,,,,,,,,,,,,,,,,
空港新城,発, ﾚ, 64740, ﾚ, 70240, ﾚ,, ﾚ, 71755,, ﾚ,, ﾚ, 73255,, ﾚ,, ﾚ, 74755,, ﾚ,, ﾚ, 80255,, ﾚ,, ﾚ, 81755,, ﾚ,, ﾚ, 83255,, ﾚ,, ﾚ, 84755,, ﾚ,, ﾚ, 90255,, ﾚ,, 91740,,, ﾚ,, 93240,,, ﾚ,, 94740,,, ﾚ,,100240,,, ﾚ,,101740,, ﾚ,,103240,, ﾚ,,104740,, ﾚ,,110240,, ﾚ,,111740,, ﾚ,,113240,, ﾚ,,114740,, ﾚ,,120240,, ﾚ,,121740,, ﾚ,,123240,, ﾚ,,124740,, ﾚ,,130240,, ﾚ,,131740,, ﾚ,,133240,, ﾚ,,134740,, ﾚ,,140240,, ﾚ,,141740,, ﾚ,,143240,, ﾚ,,144740,, ﾚ,,150240,, ﾚ,,151740,, ﾚ,,153240,, ﾚ,,154740,, ﾚ,,160240,, ﾚ,,161740,, ﾚ,,163240,, ﾚ,,164740,, ﾚ,,170240,, ﾚ,,171740,, ﾚ,,173240,, ﾚ,, ﾚ,174755,, ﾚ,, ﾚ,180255,, ﾚ,, ﾚ,181755,, ﾚ,, ﾚ,183255,, ﾚ,, ﾚ,184755,, ﾚ,, ﾚ,190255,, ﾚ,, ﾚ,191755,, ﾚ,, ﾚ,193255,, ﾚ,,,194740,, ﾚ,,200240,,, ﾚ,,,201740,, ﾚ,,203240,, ﾚ,,204740,, ﾚ,,210240,, ﾚ,,211740,, ﾚ,,213240,, ﾚ,,214740,, ﾚ,,220240,, ﾚ,,221740,, ﾚ,,223240,, ﾚ,,,224740, ﾚ,,230240,230900, ﾚ,,231740, ﾚ,233240, ﾚ,234740, ﾚ, 00240, ﾚ,,,,,,,,, 60900, 63240,, ﾚ, ﾚ,, ﾚ, ﾚ, ﾚ, ﾚ, ﾚ, ﾚ,,,,,,,,,,,,,,,,,,,,,,,,,,,,,,,,,,,,,,,,,,,,,,,,,,,,,,,,,,,,,,,,,,,,,,,,,,,,,,,,,,,,,,,,,,,,,,,,,,
飛灣機場,着, 62800, 65055, 64300, 70555, 65800,, 71750, 72110,, 71300,, 73250, 73610,, 72800,, 74750, 75110,, 74300,, 80250, 80610,, 75800,, 81750, 82110,, 81300,, 83250, 83610,, 82800,, 84750, 85110,, 84300,, 90250, 90610,, 85800,, 92055,,, 91300,, 93555,,, 92800,, 95055,,, 94300,,100555,,, 95800,,102055,,101300,,103555,,102800,,105055,,104300,,110555,,105800,,112055,,111300,,113555,,112800,,115055,,114300,,120555,,115800,,122055,,121300,,123555,,122800,,125055,,124300,,130555,,125800,,132055,,131300,,133555,,132800,,135055,,134300,,140555,,135800,,142055,,141300,,143555,,142800,,145055,,144300,,150555,,145800,,152055,,151300,,153555,,152800,,155055,,154300,,160555,,155800,,162055,,161300,,163555,,162800,,165055,,164300,,170555,,165800,,172055,,171300,,173555,,172800,,174750,175110,,174300,,180250,180610,,175800,,181750,182110,,181300,,183250,183610,,182800,,184750,185110,,184300,,190250,190610,,185800,,191750,192110,,191300,,193250,193610,,192800,,,195055,,194300,,200555,,,195800,,,202055,,201300,,203555,,202800,,205055,,204300,,210555,,205800,,212055,,211300,,213555,,212800,,215055,,214300,,220555,,215800,,222055,,221300,,223555,,222800,,,225055,224300,,230555,231215,225800,,232055,231300,233555,232800,235055,234300, 00555,235800,,,,,,,,, 61215, 63555,, 61300, ﾚ,, 54620, 54920, 55220, 55520, ﾚ, ﾚ,,,,,,,,,,,,,,,,,,,,,,,,,,,,,,,,,,,,,,,,,,,,,,,,,,,,,,,,,,,,,,,,,,,,,,,,,,,,,,,,,,,,,,,,,,,,,,,,,,
飛灣機場,番線,2,1,2,1,2,,1,1,,2,,1,1,,2,,1,1,,2,,1,1,,2,,1,1,,2,,1,1,,2,,1,1,,2,,1,1,,2,,1,,,2,,1,,,2,,1,,,2,,1,,,2,,1,,2,,1,,2,,1,,2,,1,,2,,1,,2,,1,,2,,1,,2,,1,,2,,1,,2,,1,,2,,1,,2,,1,,2,,1,,2,,1,,2,,1,,2,,1,,2,,1,,2,,1,,2,,1,,2,,1,,2,,1,,2,,1,,2,,1,,2,,1,,2,,1,,2,,1,,2,,1,,2,,1,,2,,1,,2,,1,,2,,1,1,,2,,1,1,,2,,1,1,,2,,1,1,,2,,1,1,,2,,1,1,,2,,1,1,,2,,1,1,,2,,,1,,2,,1,,,2,,,1,,2,,1,,2,,1,,2,,1,,2,,1,,2,,1,,2,,1,,2,,1,,2,,1,,2,,1,,2,,,1,2,,1,1,2,,1,2,1,2,1,2,1,2,,,,,,,,1,1,1,2,2,2,,2,3,4,1,2,2,,,,,,,,,,,,,,,,,,,,,,,,,,,,,,,,,,,,,,,,,,,,,,,,,,,,,,,,,,,,,,,,,,,,,,,,,,,,,,,,,,,,,,,,,,,,,,,,,,
飛灣機場,発, 63000, 65155, 64500, 70655, 70000,, 71850, 72210,, 71500,, 73350, 73710,, 73000,, 74850, 75210,, 74500,, 80350, 80710,, 80000,, 81850, 82210,, 81500,, 83350, 83710,, 83000,, 84850, 85210,, 84500,, 90350, 90710,, 90000,, 92155,,, 91500,, 93655,,, 93000,, 95155,,, 94500,,100655,,,100000,,102155,,101500,,103655,,103000,,105155,,104500,,110655,,110000,,112155,,111500,,113655,,113000,,115155,,114500,,120655,,120000,,122155,,121500,,123655,,123000,,125155,,124500,,130655,,130000,,132155,,131500,,133655,,133000,,135155,,134500,,140655,,140000,,142155,,141500,,143655,,143000,,145155,,144500,,150655,,150000,,152155,,151500,,153655,,153000,,155155,,154500,,160655,,160000,,162155,,161500,,163655,,163000,,165155,,164500,,170655,,170000,,172155,,171500,,173655,,173000,,174850,175210,,174500,,180350,180710,,180000,,181850,182210,,181500,,183350,183710,,183000,,184850,185210,,184500,,190350,190710,,190000,,191850,192210,,191500,,193350,193710,,193000,,,195155,,194500,,200655,,,200000,,,202155,,201500,,203655,,203000,,205155,,204500,,210655,,210000,,212155,,211500,,213655,,213000,,215155,,214500,,220655,,220000,,222155,,221500,,223655,,223000,,,225155,224500,,230655,231545,230000,,232155,231500,233655,233000,235155,234500,,,,,,,,,, 60045, 61545, 63655, 60000, 61500, ﾚ,,,,,, ﾚ, ﾚ,,,,,,,,,,,,,,,,,,,,,,,,,,,,,,,,,,,,,,,,,,,,,,,,,,,,,,,,,,,,,,,,,,,,,,,,,,,,,,,,,,,,,,,,,,,,,,,,,,
翡翠花園,発, ﾚ, 65805, ﾚ, 71305, ﾚ,, ﾚ, 72820,, ﾚ,, ﾚ, 74320,, ﾚ,, ﾚ, 75820,, ﾚ,, ﾚ, 81320,, ﾚ,, ﾚ, 82820,, ﾚ,, ﾚ, 84320,, ﾚ,, ﾚ, 85820,, ﾚ,, ﾚ, 91320,, ﾚ,, 92805,,, ﾚ,, 94305,,, ﾚ,, 95805,,, ﾚ,,101305,,, ﾚ,,102805,, ﾚ,,104305,, ﾚ,,105805,, ﾚ,,111305,, ﾚ,,112805,, ﾚ,,114305,, ﾚ,,115805,, ﾚ,,121305,, ﾚ,,122805,, ﾚ,,124305,, ﾚ,,125805,, ﾚ,,131305,, ﾚ,,132805,, ﾚ,,134305,, ﾚ,,135805,, ﾚ,,141305,, ﾚ,,142805,, ﾚ,,144305,, ﾚ,,145805,, ﾚ,,151305,, ﾚ,,152805,, ﾚ,,154305,, ﾚ,,155805,, ﾚ,,161305,, ﾚ,,162805,, ﾚ,,164305,, ﾚ,,165805,, ﾚ,,171305,, ﾚ,,172805,, ﾚ,,174305,, ﾚ,, ﾚ,175820,, ﾚ,, ﾚ,181320,, ﾚ,, ﾚ,182820,, ﾚ,, ﾚ,184320,, ﾚ,, ﾚ,185820,, ﾚ,, ﾚ,191320,, ﾚ,, ﾚ,192820,, ﾚ,, ﾚ,194320,, ﾚ,,,195805,, ﾚ,,201305,,, ﾚ,,,202805,, ﾚ,,204305,, ﾚ,,205805,, ﾚ,,211305,, ﾚ,,212805,, ﾚ,,214305,, ﾚ,,215805,, ﾚ,,221305,, ﾚ,,222805,, ﾚ,,224305,, ﾚ,,,225805, ﾚ,,231305,232155, ﾚ,,232805, ﾚ,234305, ﾚ,235805, ﾚ,,,,,,,,,, 60655, 62155, 64305, ﾚ, ﾚ, ﾚ,,,,,, ﾚ, ﾚ,,,,,,,,,,,,,,,,,,,,,,,,,,,,,,,,,,,,,,,,,,,,,,,,,,,,,,,,,,,,,,,,,,,,,,,,,,,,,,,,,,,,,,,,,,,,,,,,,,
紫荊苑,着, ﾚ, 70030, ﾚ, 71530, ﾚ,, ﾚ, 73045,, ﾚ,, ﾚ, 74545,, ﾚ,, ﾚ, 80045,, ﾚ,, ﾚ, 81545,, ﾚ,, ﾚ, 83045,, ﾚ,, ﾚ, 84545,, ﾚ,, ﾚ, 90045,, ﾚ,, ﾚ, 91545,, ﾚ,, 93030,,, ﾚ,, 94530,,, ﾚ,,100030,,, ﾚ,,101530,,, ﾚ,,103030,, ﾚ,,104530,, ﾚ,,110030,, ﾚ,,111530,, ﾚ,,113030,, ﾚ,,114530,, ﾚ,,120030,, ﾚ,,121530,, ﾚ,,123030,, ﾚ,,124530,, ﾚ,,130030,, ﾚ,,131530,, ﾚ,,133030,, ﾚ,,134530,, ﾚ,,140030,, ﾚ,,141530,, ﾚ,,143030,, ﾚ,,144530,, ﾚ,,150030,, ﾚ,,151530,, ﾚ,,153030,, ﾚ,,154530,, ﾚ,,160030,, ﾚ,,161530,, ﾚ,,163030,, ﾚ,,164530,, ﾚ,,170030,, ﾚ,,171530,, ﾚ,,173030,, ﾚ,,174530,, ﾚ,, ﾚ,180045,, ﾚ,, ﾚ,181545,, ﾚ,, ﾚ,183045,, ﾚ,, ﾚ,184545,, ﾚ,, ﾚ,190045,, ﾚ,, ﾚ,191545,, ﾚ,, ﾚ,193045,, ﾚ,, ﾚ,194545,, ﾚ,,,200030,, ﾚ,,201530,,, ﾚ,,,203030,, ﾚ,,204530,, ﾚ,,210030,, ﾚ,,211530,, ﾚ,,213030,, ﾚ,,214530,, ﾚ,,220030,, ﾚ,,221530,, ﾚ,,223030,, ﾚ,,224530,, ﾚ,,,230030, ﾚ,,231530,232420, ﾚ,,233030, ﾚ,234530, ﾚ,240030, ﾚ,,,,,,,,,, 60920, 62420, 64530, ﾚ, ﾚ, ﾚ,,,,,, 55000, 54700,,,,,,,,,,,,,,,,,,,,,,,,,,,,,,,,,,,,,,,,,,,,,,,,,,,,,,,,,,,,,,,,,,,,,,,,,,,,,,,,,,,,,,,,,,,,,,,,,,
紫荊苑,番線,下通線,1,下通線,1,下通線,,1,1,,下通線,,1,1,,下通線,,1,1,,下通線,,1,1,,下通線,,1,1,,下通線,,1,1,,下通線,,1,1,,下通線,,1,1,,下通線,,1,,,下通線,,1,,,下通線,,1,,,下通線,,1,,,下通線,,1,,下通線,,1,,下通線,,1,,下通線,,1,,下通線,,1,,下通線,,1,,下通線,,1,,下通線,,1,,下通線,,1,,下通線,,1,,下通線,,1,,下通線,,1,,下通線,,1,,下通線,,1,,下通線,,1,,下通線,,1,,下通線,,1,,下通線,,1,,下通線,,1,,下通線,,1,,下通線,,1,,下通線,,1,,下通線,,1,,下通線,,1,,下通線,,1,,下通線,,1,,下通線,,1,,下通線,,1,,下通線,,1,,下通線,,1,,下通線,,1,1,,下通線,,1,1,,下通線,,1,1,,下通線,,1,1,,下通線,,1,1,,下通線,,1,1,,下通線,,1,1,,下通線,,1,1,,下通線,,,1,,下通線,,1,,,下通線,,,1,,下通線,,1,,下通線,,1,,下通線,,1,,下通線,,1,,下通線,,1,,下通線,,1,,下通線,,1,,下通線,,1,,下通線,,1,,下通線,,,1,下通線,,1,1,下通線,,1,下通線,1,下通線,1,下通線,,,,,,,,,1,1,1,1,下通線,下通線,下通線,,,,,,1,2,,,,,,,,,,,,,,,,,,,,,,,,,,,,,,,,,,,,,,,,,,,,,,,,,,,,,,,,,,,,,,,,,,,,,,,,,,,,,,,,,,,,,,,,,,,,,,,,,,
紫荊苑,発, 63510?, 70100, 65010?, 71600, 70510?,, 72400?, 73115,, 72010?,, 73900?, 74615,, 73510?,, 75400?, 80115,, 75010?,, 80900?, 81615,, 80510?,, 82400?, 83115,, 82010?,, 83900?, 84615,, 83510?,, 85400?, 90115,, 85010?,, 90900?, 91615,, 90510?,, 93100,,, 92010?,, 94600,,, 93510?,,100100,,, 95010?,,101600,,,100510?,,103100,,102010?,,104600,,103510?,,110100,,105010?,,111600,,110510?,,113100,,112010?,,114600,,113510?,,120100,,115010?,,121600,,120510?,,123100,,122010?,,124600,,123510?,,130100,,125010?,,131600,,130510?,,133100,,132010?,,134600,,133510?,,140100,,135010?,,141600,,140510?,,143100,,142010?,,144600,,143510?,,150100,,145010?,,151600,,150510?,,153100,,152010?,,154600,,153510?,,160100,,155010?,,161600,,160510?,,163100,,162010?,,164600,,163510?,,170100,,165010?,,171600,,170510?,,173100,,172010?,,174600,,173510?,,175400?,180115,,175010?,,180900?,181615,,180510?,,182400?,183115,,182010?,,183900?,184615,,183510?,,185400?,190115,,185010?,,190900?,191615,,190510?,,192400?,193115,,192010?,,193900?,194615,,193510?,,,200100,,195010?,,201600,,,200510?,,,203100,,202010?,,204600,,203510?,,210100,,205010?,,211600,,210510?,,213100,,212010?,,214600,,213510?,,220100,,215010?,,221600,,220510?,,223100,,222010?,,224600,,223510?,,,230100,225010?,,231600,232450,230510?,,233100,232010?,234600,233510?,,235010?,,,,,,,,, 55450, 60950, 62450, 64600, 60510?, 62010?, ﾚ,,,,,,,,,,,,,,,,,,,,,,,,,,,,,,,,,,,,,,,,,,,,,,,,,,,,,,,,,,,,,,,,,,,,,,,,,,,,,,,,,,,,,,,,,,,,,,,,,,,,,,,,,
御景新村,発, ﾚ, 70655, ﾚ, 72155, ﾚ,, ﾚ, 73710,, ﾚ,, ﾚ, 75210,, ﾚ,, ﾚ, 80710,, ﾚ,, ﾚ, 82210,, ﾚ,, ﾚ, 83710,, ﾚ,, ﾚ, 85210,, ﾚ,, ﾚ, 90710,, ﾚ,, ﾚ, 92210,, ﾚ,, 93655,,, ﾚ,, 95155,,, ﾚ,,100655,,, ﾚ,,102155,,, ﾚ,,103655,, ﾚ,,105155,, ﾚ,,110655,, ﾚ,,112155,, ﾚ,,113655,, ﾚ,,115155,, ﾚ,,120655,, ﾚ,,122155,, ﾚ,,123655,, ﾚ,,125155,, ﾚ,,130655,, ﾚ,,132155,, ﾚ,,133655,, ﾚ,,135155,, ﾚ,,140655,, ﾚ,,142155,, ﾚ,,143655,, ﾚ,,145155,, ﾚ,,150655,, ﾚ,,152155,, ﾚ,,153655,, ﾚ,,155155,, ﾚ,,160655,, ﾚ,,162155,, ﾚ,,163655,, ﾚ,,165155,, ﾚ,,170655,, ﾚ,,172155,, ﾚ,,173655,, ﾚ,,175155,, ﾚ,, ﾚ,180710,, ﾚ,, ﾚ,182210,, ﾚ,, ﾚ,183710,, ﾚ,, ﾚ,185210,, ﾚ,, ﾚ,190710,, ﾚ,, ﾚ,192210,, ﾚ,, ﾚ,193710,, ﾚ,, ﾚ,195210,, ﾚ,,,200655,, ﾚ,,202155,,, ﾚ,,,203655,, ﾚ,,205155,, ﾚ,,210655,, ﾚ,,212155,, ﾚ,,213655,, ﾚ,,215155,, ﾚ,,220655,, ﾚ,,222155,, ﾚ,,223655,, ﾚ,,225155,, ﾚ,,,230655, ﾚ,,232155,233045, ﾚ,,233655, ﾚ,235155, ﾚ,, ﾚ,,,,,,,,, 60045, 61545, 63045, 65155, ﾚ, ﾚ, ﾚ,,,,,,,,,,,,,,,,,,,,,,,,,,,,,,,,,,,,,,,,,,,,,,,,,,,,,,,,,,,,,,,,,,,,,,,,,,,,,,,,,,,,,,,,,,,,,,,,,,,,,,,,,
自然保育中心,発, ﾚ, 70845, ﾚ, 72345, ﾚ,, ﾚ, 73900,, ﾚ,, ﾚ, 75400,, ﾚ,, ﾚ, 80900,, ﾚ,, ﾚ, 82400,, ﾚ,, ﾚ, 83900,, ﾚ,, ﾚ, 85400,, ﾚ,, ﾚ, 90900,, ﾚ,, ﾚ, 92400,, ﾚ,, 93845,,, ﾚ,, 95345,,, ﾚ,,100845,,, ﾚ,,102345,,, ﾚ,,103845,, ﾚ,,105345,, ﾚ,,110845,, ﾚ,,112345,, ﾚ,,113845,, ﾚ,,115345,, ﾚ,,120845,, ﾚ,,122345,, ﾚ,,123845,, ﾚ,,125345,, ﾚ,,130845,, ﾚ,,132345,, ﾚ,,133845,, ﾚ,,135345,, ﾚ,,140845,, ﾚ,,142345,, ﾚ,,143845,, ﾚ,,145345,, ﾚ,,150845,, ﾚ,,152345,, ﾚ,,153845,, ﾚ,,155345,, ﾚ,,160845,, ﾚ,,162345,, ﾚ,,163845,, ﾚ,,165345,, ﾚ,,170845,, ﾚ,,172345,, ﾚ,,173845,, ﾚ,,175345,, ﾚ,, ﾚ,180900,, ﾚ,, ﾚ,182400,, ﾚ,, ﾚ,183900,, ﾚ,, ﾚ,185400,, ﾚ,, ﾚ,190900,, ﾚ,, ﾚ,192400,, ﾚ,, ﾚ,193900,, ﾚ,, ﾚ,195400,, ﾚ,,,200845,, ﾚ,,202345,,, ﾚ,,,203845,, ﾚ,,205345,, ﾚ,,210845,, ﾚ,,212345,, ﾚ,,213845,, ﾚ,,215345,, ﾚ,,220845,, ﾚ,,222345,, ﾚ,,223845,, ﾚ,,225345,, ﾚ,,,230845, ﾚ,,232345,233235, ﾚ,,233845, ﾚ,235345, ﾚ,, ﾚ,,,,,,,,, 60235, 61735, 63235, 65345, ﾚ, ﾚ, ﾚ,,,,,,,,,,,,,,,,,,,,,,,,,,,,,,,,,,,,,,,,,,,,,,,,,,,,,,,,,,,,,,,,,,,,,,,,,,,,,,,,,,,,,,,,,,,,,,,,,,,,,,,,,
綾路北站,着, 64305, 71030, 65805, 72530, 71305,, 73120, 74045,, 72805,, 74620, 75545,, 74305,, 80120, 81045,, 75805,, 81620, 82545,, 81305,, 83120, 84045,, 82805,, 84620, 85545,, 84305,, 90120, 91045,, 85805,, 91620, 92545,, 91305,, 94030,,, 92805,, 95530,,, 94305,,101030,,, 95805,,102530,,,101305,,104030,,102805,,105530,,104305,,111030,,105805,,112530,,111305,,114030,,112805,,115530,,114305,,121030,,115805,,122530,,121305,,124030,,122805,,125530,,124305,,131030,,125805,,132530,,131305,,134030,,132805,,135530,,134305,,141030,,135805,,142530,,141305,,144030,,142805,,145530,,144305,,151030,,145805,,152530,,151305,,154030,,152805,,155530,,154305,,161030,,155805,,162530,,161305,,164030,,162805,,165530,,164305,,171030,,165805,,172530,,171305,,174030,,172805,,175530,,174305,,180120,181045,,175805,,181620,182545,,181305,,183120,184045,,182805,,184620,185545,,184305,,190120,191045,,185805,,191620,192545,,191305,,193120,194045,,192805,,194620,195545,,194305,,,201030,,195805,,202530,,,201305,,,204030,,202805,,205530,,204305,,211030,,205805,,212530,,211305,,214030,,212805,,215530,,214305,,221030,,215805,,222530,,221305,,224030,,222805,,225530,,224305,,,231030,225805,,232530,233420,231305,,234030,232805,235530,234305,,235805,,,,,,,,, 60420, 61920, 63420, 65530, 61305, 62805, 55125,,,,,,,,,,,,,,,,,,,,,,,,,,,,,,,,,,,,,,,,,,,,,,,,,,,,,,,,,,,,,,,,,,,,,,,,,,,,,,,,,,,,,,,,,,,,,,,,,,,,,,,,,
綾路北站,番線,3,1,3,1,3,,1,1,,3,,1,1,,3,,1,1,,3,,1,1,,3,,1,1,,3,,1,1,,3,,1,1,,3,,1,1,,3,,1,,,3,,1,,,3,,1,,,3,,1,,,3,,1,,3,,1,,3,,1,,3,,1,,3,,1,,3,,1,,3,,1,,3,,1,,3,,1,,3,,1,,3,,1,,3,,1,,3,,1,,3,,1,,3,,1,,3,,1,,3,,1,,3,,1,,3,,1,,3,,1,,3,,1,,3,,1,,3,,1,,3,,1,,3,,1,,3,,1,,3,,1,,3,,1,,3,,1,,3,,1,,3,,1,1,,3,,1,1,,3,,1,1,,3,,1,1,,3,,1,1,,3,,1,1,,3,,1,1,,3,,1,1,,3,,,1,,3,,1,,,3,,,1,,3,,1,,3,,1,,3,,1,,3,,1,,3,,1,,3,,1,,3,,1,,3,,1,,3,,1,,3,,,1,3,,1,1,3,,1,3,1,3,,3,,,,,,,,,1,1,1,1,3,3,3,,,,,,,,,,,,,,,,,,,,,,,,,,,,,,,,,,,,,,,,,,,,,,,,,,,,,,,,,,,,,,,,,,,,,,,,,,,,,,,,,,,,,,,,,,,,,,,,,,,,,,,,,
綾路北站,発,, 71130,, 72630,,, 73220, 74130,,,, 74720, 75630,,,, 80220, 81130,,,, 81720, 82630,,,, 83220, 84130,,,, 84720, 85630,,,, 90220, 91130,,,, 91720, 92630,,,, 94130,,,,, 95630,,,,,101130,,,,,102630,,,,,104130,,,,105630,,,,111130,,,,112630,,,,114130,,,,115630,,,,121130,,,,122630,,,,124130,,,,125630,,,,131130,,,,132630,,,,134130,,,,135630,,,,141130,,,,142630,,,,144130,,,,145630,,,,151130,,,,152630,,,,154130,,,,155630,,,,161130,,,,162630,,,,164130,,,,165630,,,,171130,,,,172630,,,,174130,,,,175630,,,,180220,181130,,,,181720,182630,,,,183220,184130,,,,184720,185630,,,,190220,191130,,,,191720,192630,,,,193220,194130,,,,194720,195630,,,,,201130,,,,202630,,,,,,204130,,,,205630,,,,211130,,,,212630,,,,214130,,,,215630,,,,221130,,,,222630,,,,224130,,,,225630,,,,,231130,,,232630,233520,,,234130,,235630,,,,,,,,,,,, 60520, 62020, 63520, 65630,,,,,,,,,,,,,,,,,,,,,,,,,,,,,,,,,,,,,,,,,,,,,,,,,,,,,,,,,,,,,,,,,,,,,,,,,,,,,,,,,,,,,,,,,,,,,,,,,,,,,,,,,,,,
全京大道,着,, 71305,, 72805,,, 73355, 74305,,,, 74855, 75805,,,, 80355, 81305,,,, 81855, 82805,,,, 83355, 84305,,,, 84855, 85805,,,, 90355, 91305,,,, 91855, 92805,,,, 94305,,,,, 95805,,,,,101305,,,,,102805,,,,,104305,,,,105805,,,,111305,,,,112805,,,,114305,,,,115805,,,,121305,,,,122805,,,,124305,,,,125805,,,,131305,,,,132805,,,,134305,,,,135805,,,,141305,,,,142805,,,,144305,,,,145805,,,,151305,,,,152805,,,,154305,,,,155805,,,,161305,,,,162805,,,,164305,,,,165805,,,,171305,,,,172805,,,,174305,,,,175805,,,,180355,181305,,,,181855,182805,,,,183355,184305,,,,184855,185805,,,,190355,191305,,,,191855,192805,,,,193355,194305,,,,194855,195805,,,,,201305,,,,202805,,,,,,204305,,,,205805,,,,211305,,,,212805,,,,214305,,,,215805,,,,221305,,,,222805,,,,224305,,,,225805,,,,,231305,,,232805,233655,,,234305,,235805,,,,,,,,,,,, 60655, 62155, 63655, 65805,,,,,,,,,,,,,,,,,,,,,,,,,,,,,,,,,,,,,,,,,,,,,,,,,,,,,,,,,,,,,,,,,,,,,,,,,,,,,,,,,,,,,,,,,,,,,,,,,,,,,,,,,,,,
全京大道,番線,,1,,1,,,1,1,,,,1,1,,,,1,1,,,,1,1,,,,1,1,,,,1,1,,,,1,1,,,,1,1,,,,1,,,,,1,,,,,1,,,,,1,,,,,1,,,,1,,,,1,,,,1,,,,1,,,,1,,,,1,,,,1,,,,1,,,,1,,,,1,,,,1,,,,1,,,,1,,,,1,,,,1,,,,1,,,,1,,,,1,,,,1,,,,1,,,,1,,,,1,,,,1,,,,1,,,,1,,,,1,,,,1,,,,1,,,,1,,,,1,1,,,,1,1,,,,1,1,,,,1,1,,,,1,1,,,,1,1,,,,1,1,,,,1,1,,,,,1,,,,1,,,,,,1,,,,1,,,,1,,,,1,,,,1,,,,1,,,,1,,,,1,,,,1,,,,1,,,,,1,,,1,1,,,1,,1,,,,,,,,,,,,1,1,1,1,,,,1,,,,,,,1,1,1,1,1,1,1,1,1,1,1,1,1,1,1,1,1,1,1,1,1,1,1,1,1,1,1,1,1,1,1,1,1,1,1,1,1,1,1,1,1,1,1,1,1,1,1,1,1,1,1,1,1,1,1,1,1,1,1,1,1,1,1,1,1,1,1,1,1,1,1,1,1,1,1,1,1,1,1,1,1,1,1,1,1,1,1,1,,,,,,,,,,
全京大道,発,,,,,,,,,,,,,,,,,,,,,,,,,,,,,,,,,,,,,,,,,,,,,,,,,,,,,,,,,,,,,,,,,,,,,,,,,,,,,,,,,,,,,,,,,,,,,,,,,,,,,,,,,,,,,,,,,,,,,,,,,,,,,,,,,,,,,,,,,,,,,,,,,,,,,,,,,,,,,,,,,,,,,,,,,,,,,,,,,,,,,,,,,,,,,,,,,,,,,,,,,,,,,,,,,,,,,,,,,,,,,,,,,,,,,,,,,,,,,,,,,,,,,,,,,,,,,,,,,,,,,,,,,,,,,,,,,,,,,,,,,,,,,,,,,,,,,,,,,,,,,,,,,,,233755,,,,,,, 60755, 62255, 63955, 65905, 71405, 72905, 74405, 75905, 81405, 82905, 84405, 85905, 91405, 92905, 94405, 95905,101405,102905,104405,105905,111405,112905,114405,115905,121405,122905,124405,125905,131405,132905,134405,135905,141405,142905,144405,145905,151405,152905,154405,155905,161405,162905,164405,165905,171405,172905,174405,175905,181405,182905,184405,185905,191405,192905,194405,195905,201405,202905,204405,205905,211405,212905,214405,215905,221405,222905,224405,225905,231405,232905,234405,235905, 80445, 81945, 83545, 85045, 90545, 91945, 73445, 74945,180445,181945,183445,185045,190545,192045,193545,195045,,,,,,,,,,
全京車輛基地,着,,,,,,,,,,,,,,,,,,,,,,,,,,,,,,,,,,,,,,,,,,,,,,,,,,,,,,,,,,,,,,,,,,,,,,,,,,,,,,,,,,,,,,,,,,,,,,,,,,,,,,,,,,,,,,,,,,,,,,,,,,,,,,,,,,,,,,,,,,,,,,,,,,,,,,,,,,,,,,,,,,,,,,,,,,,,,,,,,,,,,,,,,,,,,,,,,,,,,,,,,,,,,,,,,,,,,,,,,,,,,,,,,,,,,,,,,,,,,,,,,,,,,,,,,,,,,,,,,,,,,,,,,,,,,,,,,,,,,,,,,,,,,,,,,,,,,,,,,,,,,,,,,,,233850,,,,,,, 60850, 62350, 64050, 70000, 71500, 73000, 74500, 80000, 81500, 83000, 84500, 90000, 91500, 93000, 94500,100000,101500,103000,104500,110000,111500,113000,114500,120000,121500,123000,124500,130000,131500,133000,134500,140000,141500,143000,144500,150000,151500,153000,154500,160000,161500,163000,164500,170000,171500,173000,174500,180000,181500,183000,184500,190000,191500,193000,194500,200000,201500,203000,204500,210000,211500,213000,214500,220000,221500,223000,224500,230000,231500,233000,234500,240000, 80540, 82040, 83640, 85140, 90640, 92040, 73540, 75040,180540,182040,183540,185140,190640,192140,193640,195140,,,,,,,,,,
全京車輛基地,番線,,,,,,,,,,,,,,,,,,,,,,,,,,,,,,,,,,,,,,,,,,,,,,,,,,,,,,,,,,,,,,,,,,,,,,,,,,,,,,,,,,,,,,,,,,,,,,,,,,,,,,,,,,,,,,,,,,,,,,,,,,,,,,,,,,,,,,,,,,,,,,,,,,,,,,,,,,,,,,,,,,,,,,,,,,,,,,,,,,,,,,,,,,,,,,,,,,,,,,,,,,,,,,,,,,,,,,,,,,,,,,,,,,,,,,,,,,,,,,,,,,,,,,,,,,,,,,,,,,,,,,,,,,,,,,,,,,,,,,,,,,,,,,,,,,,,,,,,,,,,,,,,,,,反駐線,,,,,,,反駐線,反駐線,反駐線,反駐線,反駐線,駐車線,駐車線,駐車線,駐車線,駐車線,駐車線,駐車線,駐車線,駐車線,反駐線,駐車線,反駐線,駐車線,反駐線,駐車線,反駐線,駐車線,反駐線,駐車線,反駐線,駐車線,反駐線,駐車線,反駐線,駐車線,反駐線,駐車線,反駐線,駐車線,反駐線,駐車線,反駐線,駐車線,反駐線,駐車線,反駐線,駐車線,反駐線,駐車線,反駐線,駐車線,駐車線,駐車線,駐車線,駐車線,駐車線,駐車線,駐車線,駐車線,反駐線,駐車線,反駐線,駐車線,反駐線,駐車線,反駐線,駐車線,反駐線,駐車線,反駐線,駐車線,反駐線,駐車線,反駐線,反駐線,反駐線,反駐線,反駐線,反駐線,反駐線,反駐線,反駐線,反駐線,反駐線,反駐線,反駐線,反駐線,反駐線,反駐線,反駐線,反駐線,反駐線,反駐線,,,,,,,,,,
備考,,,,,,,,,,,,,,,,,,,,,,,,,,,,,,,,,,,,,,,,,,,,,,,,,,,,,,,,,,,,,,,,,,,,,,,,,,,,,,,,,,,,,,,,,,,,,,,,,,,,,,,,,,,,,,,,,,,,,,,,,,,,,,,,,,,,,,,,,,,,,,,,,,,,,,,,,,,,,,,,,,,,,,,,,,,,,,,,,,,,,,,,,,,,,,,,,,,,,,,,,,,,,,,,,,,,,,,,,,,,,,,,,,,,,,,,,,,,,,,,,,,,,,,,,,,,,,,,,,,,,,,,,,,,,,,,,,,,,,,,,,,,,,,,,,,,,,,,,,,,,,,,,,,,,,,,,,,,,,,,,,,,,,,,,,,,,,,,,,,,,,,,,,,,,,,,,,,,,,,,,,,,,,,,,,,,,,,,,,,,,,,,,,,,,,,,,,,,,,,,,,,,,,,,,,,,
